date,value
2017-08-18 00:00:00+00:00,429973.58780118386
2017-08-19 00:00:00+00:00,412486.22349597747
2017-08-20 00:00:00+00:00,415366.1978716976
2017-08-21 00:00:00+00:00,410640.9369648552
2017-08-22 00:00:00+00:00,405199.4157581618
2017-08-23 00:00:00+00:00,406768.1601908536
2017-08-24 00:00:00+00:00,414234.50647718005
2017-08-25 00:00:00+00:00,434141.05756447377
2017-08-26 00:00:00+00:00,430944.8853687229
2017-08-27 00:00:00+00:00,436615.40008044854
2017-08-28 00:00:00+00:00,434928.7366392059
2017-08-29 00:00:00+00:00,442206.3572560543
2017-08-30 00:00:00+00:00,463158.5188374614
2017-08-31 00:00:00+00:00,460660.45585167187
2017-09-01 00:00:00+00:00,476968.9516194415
2017-09-02 00:00:00+00:00,487782.76051637146
2017-09-03 00:00:00+00:00,450289.4345722693
2017-09-04 00:00:00+00:00,453776.3568411528
2017-09-05 00:00:00+00:00,411126.12817201763
2017-09-06 00:00:00+00:00,438381.17374522163
2017-09-07 00:00:00+00:00,464077.5000902735
2017-09-08 00:00:00+00:00,470977.90560180176
2017-09-09 00:00:00+00:00,429808.43571187294
2017-09-10 00:00:00+00:00,427149.12491636816
2017-09-11 00:00:00+00:00,414582.5768111106
2017-09-12 00:00:00+00:00,422325.05088246794
2017-09-13 00:00:00+00:00,417824.452208582
2017-09-14 00:00:00+00:00,395757.3256822133
2017-09-15 00:00:00+00:00,319465.0353667593
2017-09-16 00:00:00+00:00,370836.0950896637
2017-09-17 00:00:00+00:00,372073.90733506245
2017-09-18 00:00:00+00:00,371086.7246216237
2017-09-19 00:00:00+00:00,405444.75117845624
2017-09-20 00:00:00+00:00,392807.55195589486
2017-09-21 00:00:00+00:00,391728.65376432106
2017-09-22 00:00:00+00:00,362376.2654751486
2017-09-23 00:00:00+00:00,361401.53025888366
2017-09-24 00:00:00+00:00,380372.5690270774
2017-09-25 00:00:00+00:00,368583.79149782
2017-09-26 00:00:00+00:00,394416.65537720284
2017-09-27 00:00:00+00:00,390352.6429093664
2017-09-28 00:00:00+00:00,421520.9218361946
2017-09-29 00:00:00+00:00,419333.0337390083
2017-09-30 00:00:00+00:00,418786.2394925926
2017-10-01 00:00:00+00:00,439114.9378102341
2017-10-02 00:00:00+00:00,439089.37335530476
2017-10-03 00:00:00+00:00,438824.0191141107
2017-10-04 00:00:00+00:00,431850.5842608726
2017-10-05 00:00:00+00:00,422043.00580722594
2017-10-06 00:00:00+00:00,430284.8844943396
2017-10-07 00:00:00+00:00,438553.8484611593
2017-10-08 00:00:00+00:00,443773.48850337596
2017-10-09 00:00:00+00:00,464705.3632385892
2017-10-10 00:00:00+00:00,478110.45069715375
2017-10-11 00:00:00+00:00,477815.458092168
2017-10-12 00:00:00+00:00,481812.9875234537
2017-10-13 00:00:00+00:00,540505.3928647985
2017-10-14 00:00:00+00:00,563599.7399454368
2017-10-15 00:00:00+00:00,585041.9896345213
2017-10-16 00:00:00+00:00,569387.40218651
2017-10-17 00:00:00+00:00,574059.3754907622
2017-10-18 00:00:00+00:00,557038.120053642
2017-10-19 00:00:00+00:00,548735.403167279
2017-10-20 00:00:00+00:00,565250.9984461741
2017-10-21 00:00:00+00:00,596473.1895629249
2017-10-22 00:00:00+00:00,597608.0109424847
2017-10-23 00:00:00+00:00,590094.689741409
2017-10-24 00:00:00+00:00,586104.6296130038
2017-10-25 00:00:00+00:00,544675.697018091
2017-10-26 00:00:00+00:00,565054.8127293334
2017-10-27 00:00:00+00:00,581634.2934899549
2017-10-28 00:00:00+00:00,572760.2771275353
2017-10-29 00:00:00+00:00,567769.5319908449
2017-10-30 00:00:00+00:00,611928.5850610182
2017-10-31 00:00:00+00:00,607280.9028886248
2017-11-01 00:00:00+00:00,640183.3586370962
2017-11-02 00:00:00+00:00,667257.6796679312
2017-11-03 00:00:00+00:00,692696.9408462378
2017-11-04 00:00:00+00:00,703023.9902238846
2017-11-05 00:00:00+00:00,726034.5094655495
2017-11-06 00:00:00+00:00,724730.6629049763
2017-11-07 00:00:00+00:00,687744.8817511026
2017-11-08 00:00:00+00:00,697425.1639201528
2017-11-09 00:00:00+00:00,721093.1724018021
2017-11-10 00:00:00+00:00,700406.1175621066
2017-11-11 00:00:00+00:00,643794.6407797287
2017-11-12 00:00:00+00:00,619446.2912582027
2017-11-13 00:00:00+00:00,577322.9364150579
2017-11-14 00:00:00+00:00,640919.0687058449
2017-11-15 00:00:00+00:00,652682.3512021153
2017-11-16 00:00:00+00:00,716588.3386425073
2017-11-17 00:00:00+00:00,776821.278718191
2017-11-18 00:00:00+00:00,760863.5850541904
2017-11-19 00:00:00+00:00,767768.7142165957
2017-11-20 00:00:00+00:00,794807.4731554834
2017-11-21 00:00:00+00:00,812322.6664508223
2017-11-22 00:00:00+00:00,803109.4062882966
2017-11-23 00:00:00+00:00,812467.8389595593
2017-11-24 00:00:00+00:00,795882.2694703861
2017-11-25 00:00:00+00:00,810802.6439329769
2017-11-26 00:00:00+00:00,864608.6568632849
2017-11-27 00:00:00+00:00,905944.4668467117
2017-11-28 00:00:00+00:00,956810.4559869808
2017-11-29 00:00:00+00:00,980273.5592657445
2017-11-30 00:00:00+00:00,957665.2919820137
2017-12-01 00:00:00+00:00,972553.0395515268
2017-12-02 00:00:00+00:00,1065263.2631999662
2017-12-03 00:00:00+00:00,1075591.4386063018
2017-12-04 00:00:00+00:00,1102300.020135138
2017-12-05 00:00:00+00:00,1142540.9240354027
2017-12-06 00:00:00+00:00,1153412.9936978351
2017-12-07 00:00:00+00:00,1329561.027849899
2017-12-08 00:00:00+00:00,1623358.1159890774
2017-12-09 00:00:00+00:00,1556017.539093012
2017-12-10 00:00:00+00:00,1438940.0067321693
2017-12-11 00:00:00+00:00,1460658.5035284106
2017-12-12 00:00:00+00:00,1627954.9161539995
2017-12-13 00:00:00+00:00,1611157.3196712825
2017-12-14 00:00:00+00:00,1584151.551231444
2017-12-15 00:00:00+00:00,1613014.132716633
2017-12-16 00:00:00+00:00,1728949.8758363917
2017-12-17 00:00:00+00:00,1880111.5793509702
2017-12-18 00:00:00+00:00,1858083.1577819264
2017-12-19 00:00:00+00:00,1861941.9155309966
2017-12-20 00:00:00+00:00,1712160.6410701505
2017-12-21 00:00:00+00:00,1633974.0318319171
2017-12-22 00:00:00+00:00,1537450.753238065
2017-12-23 00:00:00+00:00,1320450.6140875216
2017-12-24 00:00:00+00:00,1318125.8544301067
2017-12-25 00:00:00+00:00,1338391.3634891042
2017-12-26 00:00:00+00:00,1360765.7743749775
2017-12-27 00:00:00+00:00,1554597.5273755575
2017-12-28 00:00:00+00:00,1531950.6656080673
2017-12-29 00:00:00+00:00,1406936.1238677234
2017-12-30 00:00:00+00:00,1427358.7376068865
2017-12-31 00:00:00+00:00,1237435.7784325443
2018-01-01 00:00:00+00:00,1363459.5387407234
2018-01-02 00:00:00+00:00,1332181.0668676726
2018-01-03 00:00:00+00:00,1462633.4768628934
2018-01-04 00:00:00+00:00,1490559.1370865577
2018-01-05 00:00:00+00:00,1504394.4387041507
2018-01-06 00:00:00+00:00,1688789.0478301614
2018-01-07 00:00:00+00:00,1701817.9128065493
2018-01-08 00:00:00+00:00,1619690.7378424609
2018-01-09 00:00:00+00:00,1499934.541101659
2018-01-10 00:00:00+00:00,1460193.8062613138
2018-01-11 00:00:00+00:00,1506667.0859006143
2018-01-12 00:00:00+00:00,1339791.2175817972
2018-01-13 00:00:00+00:00,1394487.9775245413
2018-01-14 00:00:00+00:00,1447234.0210779512
2018-01-15 00:00:00+00:00,1374077.7921721975
2018-01-16 00:00:00+00:00,1376138.479158507
2018-01-17 00:00:00+00:00,1106545.4793481408
2018-01-18 00:00:00+00:00,1115108.8276298416
2018-01-19 00:00:00+00:00,1112190.4014336495
2018-01-20 00:00:00+00:00,1163796.5041520353
2018-01-21 00:00:00+00:00,1298231.492094669
2018-01-22 00:00:00+00:00,1170015.2798061864
2018-01-23 00:00:00+00:00,1092660.9390856163
2018-01-24 00:00:00+00:00,1095715.9905478626
2018-01-25 00:00:00+00:00,1153317.7665490666
2018-01-26 00:00:00+00:00,1136219.179275438
2018-01-27 00:00:00+00:00,1127595.30066165
2018-01-28 00:00:00+00:00,1170124.0499278198
2018-01-29 00:00:00+00:00,1214988.9451151846
2018-01-30 00:00:00+00:00,1150185.4967427065
2018-01-31 00:00:00+00:00,1047379.4107226483
2018-02-01 00:00:00+00:00,1054142.8879310861
2018-02-02 00:00:00+00:00,947272.9606825003
2018-02-03 00:00:00+00:00,906757.9812392523
2018-02-04 00:00:00+00:00,940981.6180889255
2018-02-05 00:00:00+00:00,834922.76279471
2018-02-06 00:00:00+00:00,707918.8321009079
2018-02-07 00:00:00+00:00,781099.2859388854
2018-02-08 00:00:00+00:00,774577.9922355486
2018-02-09 00:00:00+00:00,793951.7095516461
2018-02-10 00:00:00+00:00,886014.393510456
2018-02-11 00:00:00+00:00,870124.0501419188
2018-02-12 00:00:00+00:00,822454.0197011604
2018-02-13 00:00:00+00:00,906571.8018111815
2018-02-14 00:00:00+00:00,870132.5114872375
2018-02-15 00:00:00+00:00,962227.9776713226
2018-02-16 00:00:00+00:00,1015737.8894653753
2018-02-17 00:00:00+00:00,1031943.859790335
2018-02-18 00:00:00+00:00,1118679.2773442632
2018-02-19 00:00:00+00:00,1052122.3446823827
2018-02-20 00:00:00+00:00,1127995.2646715466
2018-02-21 00:00:00+00:00,1129766.7854938162
2018-02-22 00:00:00+00:00,1053450.3220138166
2018-02-23 00:00:00+00:00,991034.6537837579
2018-02-24 00:00:00+00:00,1024607.3254485824
2018-02-25 00:00:00+00:00,981450.3556296517
2018-02-26 00:00:00+00:00,971716.1234427018
2018-02-27 00:00:00+00:00,1044130.7624659075
2018-02-28 00:00:00+00:00,1067950.8121843128
2018-03-01 00:00:00+00:00,1043643.3891294244
2018-03-02 00:00:00+00:00,1102044.8914839844
2018-03-03 00:00:00+00:00,1112894.2349329637
2018-03-04 00:00:00+00:00,1154170.0293258787
2018-03-05 00:00:00+00:00,1159590.2976493395
2018-03-06 00:00:00+00:00,1152852.2876821924
2018-03-07 00:00:00+00:00,1079496.013960673
2018-03-08 00:00:00+00:00,998159.1654547816
2018-03-09 00:00:00+00:00,933563.4446156322
2018-03-10 00:00:00+00:00,930606.4520644502
2018-03-11 00:00:00+00:00,884181.6288066872
2018-03-12 00:00:00+00:00,960216.721012586
2018-03-13 00:00:00+00:00,920029.077405204
2018-03-14 00:00:00+00:00,921490.891464299
2018-03-15 00:00:00+00:00,822506.3737380783
2018-03-16 00:00:00+00:00,829332.4432119023
2018-03-17 00:00:00+00:00,830702.1691627566
2018-03-18 00:00:00+00:00,785934.9142102016
2018-03-19 00:00:00+00:00,820888.5966989903
2018-03-20 00:00:00+00:00,861643.3522280897
2018-03-21 00:00:00+00:00,891729.5559281484
2018-03-22 00:00:00+00:00,889411.1130927169
2018-03-23 00:00:00+00:00,872744.1280769513
2018-03-24 00:00:00+00:00,889890.045449666
2018-03-25 00:00:00+00:00,854702.5093475253
2018-03-26 00:00:00+00:00,847429.904507615
2018-03-27 00:00:00+00:00,812946.9490705654
2018-03-28 00:00:00+00:00,778301.29788785
2018-03-29 00:00:00+00:00,793135.9703721016
2018-03-30 00:00:00+00:00,706713.35141079
2018-03-31 00:00:00+00:00,682872.4298356598
2018-04-01 00:00:00+00:00,691065.2259272719
2018-04-02 00:00:00+00:00,679558.8080845432
2018-04-03 00:00:00+00:00,703454.864309518
2018-04-04 00:00:00+00:00,738798.11422549
2018-04-05 00:00:00+00:00,677897.315787166
2018-04-06 00:00:00+00:00,675586.3332457811
2018-04-07 00:00:00+00:00,658551.199689626
2018-04-08 00:00:00+00:00,687881.0737457437
2018-04-09 00:00:00+00:00,700510.8262493578
2018-04-10 00:00:00+00:00,677630.0684991551
2018-04-11 00:00:00+00:00,684373.6127220823
2018-04-12 00:00:00+00:00,695690.413078503
2018-04-13 00:00:00+00:00,792959.3644475637
2018-04-14 00:00:00+00:00,788507.6556238065
2018-04-15 00:00:00+00:00,800675.9625823711
2018-04-16 00:00:00+00:00,836737.3149089351
2018-04-17 00:00:00+00:00,807498.1225163365
2018-04-18 00:00:00+00:00,789607.2677928384
2018-04-19 00:00:00+00:00,818696.4467042013
2018-04-20 00:00:00+00:00,830924.7168666819
2018-04-21 00:00:00+00:00,889487.7653152548
2018-04-22 00:00:00+00:00,894556.5467398878
2018-04-23 00:00:00+00:00,882883.6699290865
2018-04-24 00:00:00+00:00,898320.600711658
2018-04-25 00:00:00+00:00,967633.5530466589
2018-04-26 00:00:00+00:00,890794.5045140941
2018-04-27 00:00:00+00:00,931336.4337676894
2018-04-28 00:00:00+00:00,896430.6280084673
2018-04-29 00:00:00+00:00,940329.3331648849
2018-04-30 00:00:00+00:00,947607.1982664544
2018-05-01 00:00:00+00:00,929845.6329204246
2018-05-02 00:00:00+00:00,913776.5183596907
2018-05-03 00:00:00+00:00,933597.7620712238
2018-05-04 00:00:00+00:00,986230.105114005
2018-05-05 00:00:00+00:00,983270.9143522407
2018-05-06 00:00:00+00:00,1004818.7361862063
2018-05-07 00:00:00+00:00,984234.0015525856
2018-05-08 00:00:00+00:00,952015.0093728977
2018-05-09 00:00:00+00:00,933995.5388444551
2018-05-10 00:00:00+00:00,946269.7336694587
2018-05-11 00:00:00+00:00,913343.7151933907
2018-05-12 00:00:00+00:00,851181.0473056309
2018-05-13 00:00:00+00:00,859815.2653780292
2018-05-14 00:00:00+00:00,882522.6213068934
2018-05-15 00:00:00+00:00,879327.4763751623
2018-05-16 00:00:00+00:00,857570.2959647204
2018-05-17 00:00:00+00:00,843906.6635501129
2018-05-18 00:00:00+00:00,812968.6061847169
2018-05-19 00:00:00+00:00,833038.8422630711
2018-05-20 00:00:00+00:00,832009.1742764115
2018-05-21 00:00:00+00:00,863233.0499467904
2018-05-22 00:00:00+00:00,847102.0924600951
2018-05-23 00:00:00+00:00,804247.6625547726
2018-05-24 00:00:00+00:00,753316.0213109262
2018-05-25 00:00:00+00:00,763311.9957601858
2018-05-26 00:00:00+00:00,749989.6231406503
2018-05-27 00:00:00+00:00,738381.8261549533
2018-05-28 00:00:00+00:00,737827.5565676896
2018-05-29 00:00:00+00:00,709695.2993649609
2018-05-30 00:00:00+00:00,748911.0107774758
2018-05-31 00:00:00+00:00,740322.7731522616
2018-06-01 00:00:00+00:00,751904.8973947847
2018-06-02 00:00:00+00:00,755582.8420531276
2018-06-03 00:00:00+00:00,769429.2251070547
2018-06-04 00:00:00+00:00,780012.3750465878
2018-06-05 00:00:00+00:00,755445.7073008234
2018-06-06 00:00:00+00:00,770669.3881545993
2018-06-07 00:00:00+00:00,773180.4099052682
2018-06-08 00:00:00+00:00,776392.2096710212
2018-06-09 00:00:00+00:00,767072.1362703393
2018-06-10 00:00:00+00:00,755661.443553571
2018-06-11 00:00:00+00:00,680539.6267521171
2018-06-12 00:00:00+00:00,691302.7810641511
2018-06-13 00:00:00+00:00,655221.2301865647
2018-06-14 00:00:00+00:00,631474.8595655422
2018-06-15 00:00:00+00:00,667094.8151806575
2018-06-16 00:00:00+00:00,641060.3693714819
2018-06-17 00:00:00+00:00,650540.3266628346
2018-06-18 00:00:00+00:00,647318.4216884001
2018-06-19 00:00:00+00:00,673794.9717148
2018-06-20 00:00:00+00:00,678073.7625604346
2018-06-21 00:00:00+00:00,679408.1638153871
2018-06-22 00:00:00+00:00,674348.7647313749
2018-06-23 00:00:00+00:00,605188.7048041045
2018-06-24 00:00:00+00:00,615761.2222558336
2018-06-25 00:00:00+00:00,612971.3742669846
2018-06-26 00:00:00+00:00,624091.5961440227
2018-06-27 00:00:00+00:00,604071.2081411931
2018-06-28 00:00:00+00:00,611155.5049015117
2018-06-29 00:00:00+00:00,582554.7516771414
2018-06-30 00:00:00+00:00,616756.8589685926
2018-07-01 00:00:00+00:00,636446.3978616371
2018-07-02 00:00:00+00:00,632983.2620044777
2018-07-03 00:00:00+00:00,659470.5301070217
2018-07-04 00:00:00+00:00,648676.0252290763
2018-07-05 00:00:00+00:00,656035.9029327843
2018-07-06 00:00:00+00:00,650139.7868611788
2018-07-07 00:00:00+00:00,657340.9130306896
2018-07-08 00:00:00+00:00,672832.0787221867
2018-07-09 00:00:00+00:00,668050.5605420739
2018-07-10 00:00:00+00:00,662030.7514155941
2018-07-11 00:00:00+00:00,624893.4886979312
2018-07-12 00:00:00+00:00,633657.8781502794
2018-07-13 00:00:00+00:00,620536.1258630021
2018-07-14 00:00:00+00:00,617547.4739985869
2018-07-15 00:00:00+00:00,621214.2301349438
2018-07-16 00:00:00+00:00,632044.9707102723
2018-07-17 00:00:00+00:00,670102.4726645418
2018-07-18 00:00:00+00:00,727587.5173810425
2018-07-19 00:00:00+00:00,731655.2226623688
2018-07-20 00:00:00+00:00,738801.2605252856
2018-07-21 00:00:00+00:00,724079.5199733706
2018-07-22 00:00:00+00:00,730981.2734260086
2018-07-23 00:00:00+00:00,730353.6871528265
2018-07-24 00:00:00+00:00,760030.5223078947
2018-07-25 00:00:00+00:00,826445.6867780315
2018-07-26 00:00:00+00:00,804652.1383067912
2018-07-27 00:00:00+00:00,779676.6356237377
2018-07-28 00:00:00+00:00,805398.6478640641
2018-07-29 00:00:00+00:00,808798.6361681562
2018-07-30 00:00:00+00:00,807501.565709779
2018-07-31 00:00:00+00:00,803064.1522765789
2018-08-01 00:00:00+00:00,759788.7240725172
2018-08-02 00:00:00+00:00,747265.0618392018
2018-08-03 00:00:00+00:00,738354.2457857829
2018-08-04 00:00:00+00:00,728711.1445441674
2018-08-05 00:00:00+00:00,689517.7269754717
2018-08-06 00:00:00+00:00,691323.3569473563
2018-08-07 00:00:00+00:00,682362.2509587671
2018-08-08 00:00:00+00:00,660060.8102453888
2018-08-09 00:00:00+00:00,616547.2705007716
2018-08-10 00:00:00+00:00,640153.7204906276
2018-08-11 00:00:00+00:00,601723.2640777729
2018-08-12 00:00:00+00:00,608901.2408221326
2018-08-13 00:00:00+00:00,616177.4656342537
2018-08-14 00:00:00+00:00,607452.1193978717
2018-08-15 00:00:00+00:00,601128.0909282133
2018-08-16 00:00:00+00:00,608611.7057636806
2018-08-17 00:00:00+00:00,613198.5377756839
2018-08-18 00:00:00+00:00,642674.2604714108
2018-08-19 00:00:00+00:00,621784.8393734571
2018-08-20 00:00:00+00:00,630794.3882386184
2018-08-21 00:00:00+00:00,607006.4407082687
2018-08-22 00:00:00+00:00,629085.1614582996
2018-08-23 00:00:00+00:00,616993.689544274
2018-08-24 00:00:00+00:00,632793.8102091721
2018-08-25 00:00:00+00:00,647592.5157865175
2018-08-26 00:00:00+00:00,652274.7200719287
2018-08-27 00:00:00+00:00,648660.7970562655
2018-08-28 00:00:00+00:00,669491.4943090786
2018-08-29 00:00:00+00:00,685866.4773790356
2018-08-30 00:00:00+00:00,680959.7727536565
2018-08-31 00:00:00+00:00,675966.3539563743
2018-09-01 00:00:00+00:00,678449.0576135993
2018-09-02 00:00:00+00:00,699060.8475679572
2018-09-03 00:00:00+00:00,709459.9477508899
2018-09-04 00:00:00+00:00,704817.0827836253
2018-09-05 00:00:00+00:00,713449.9938894983
2018-09-06 00:00:00+00:00,646362.931876781
2018-09-07 00:00:00+00:00,629355.7472608729
2018-09-08 00:00:00+00:00,616720.0717853751
2018-09-09 00:00:00+00:00,595569.5218759715
2018-09-10 00:00:00+00:00,601771.5989432764
2018-09-11 00:00:00+00:00,607052.4014906024
2018-09-12 00:00:00+00:00,603949.6319932407
2018-09-13 00:00:00+00:00,607628.3559285175
2018-09-14 00:00:00+00:00,623835.4408428081
2018-09-15 00:00:00+00:00,622248.3637942858
2018-09-16 00:00:00+00:00,626492.7912023243
2018-09-17 00:00:00+00:00,625592.4005813997
2018-09-18 00:00:00+00:00,599575.4596175954
2018-09-19 00:00:00+00:00,608833.4475584972
2018-09-20 00:00:00+00:00,613912.3494634604
2018-09-21 00:00:00+00:00,624783.8253338168
2018-09-22 00:00:00+00:00,652179.8690353082
2018-09-23 00:00:00+00:00,647942.6990562837
2018-09-24 00:00:00+00:00,646941.5993689569
2018-09-25 00:00:00+00:00,633460.6005345804
2018-09-26 00:00:00+00:00,620206.5231037498
2018-09-27 00:00:00+00:00,623618.0676412889
2018-09-28 00:00:00+00:00,646755.0419743166
2018-09-29 00:00:00+00:00,640483.6937469699
2018-09-30 00:00:00+00:00,637466.9680521655
2018-10-01 00:00:00+00:00,640097.63457527
2018-10-02 00:00:00+00:00,638691.4371346722
2018-10-03 00:00:00+00:00,630413.76671328
2018-10-04 00:00:00+00:00,628173.5686188109
2018-10-05 00:00:00+00:00,635922.0702170152
2018-10-06 00:00:00+00:00,640316.908212373
2018-10-07 00:00:00+00:00,635972.6935443117
2018-10-08 00:00:00+00:00,638284.6156954381
2018-10-09 00:00:00+00:00,644175.3050956675
2018-10-10 00:00:00+00:00,642202.3632022672
2018-10-11 00:00:00+00:00,639615.5912584738
2018-10-12 00:00:00+00:00,600167.5746645221
2018-10-13 00:00:00+00:00,605035.8094356033
2018-10-14 00:00:00+00:00,608753.167283875
2018-10-15 00:00:00+00:00,608786.404748787
2018-10-16 00:00:00+00:00,648607.2865901852
2018-10-17 00:00:00+00:00,649246.6149081315
2018-10-18 00:00:00+00:00,647193.046579844
2018-10-19 00:00:00+00:00,635082.4847463359
2018-10-20 00:00:00+00:00,626763.331719146
2018-10-21 00:00:00+00:00,632674.5645483212
2018-10-22 00:00:00+00:00,632793.685795023
2018-10-23 00:00:00+00:00,631949.6530239544
2018-10-24 00:00:00+00:00,629132.19202841
2018-10-25 00:00:00+00:00,630163.125937293
2018-10-26 00:00:00+00:00,626551.0274104411
2018-10-27 00:00:00+00:00,627528.0721381564
2018-10-28 00:00:00+00:00,624332.0274705105
2018-10-29 00:00:00+00:00,622995.4185460601
2018-10-30 00:00:00+00:00,608365.9618890946
2018-10-31 00:00:00+00:00,607279.5694957178
2018-11-01 00:00:00+00:00,611272.0575490893
2018-11-02 00:00:00+00:00,614942.5688816848
2018-11-03 00:00:00+00:00,617364.9293615917
2018-11-04 00:00:00+00:00,612822.4574008253
2018-11-05 00:00:00+00:00,622847.7893387304
2018-11-06 00:00:00+00:00,621157.6874187482
2018-11-07 00:00:00+00:00,626498.381658313
2018-11-08 00:00:00+00:00,631933.0312881295
2018-11-09 00:00:00+00:00,622268.0091817336
2018-11-10 00:00:00+00:00,616509.7736260062
2018-11-11 00:00:00+00:00,617876.2720795652
2018-11-12 00:00:00+00:00,619398.2073952265
2018-11-13 00:00:00+00:00,619710.5934428431
2018-11-14 00:00:00+00:00,619942.2719831415
2018-11-15 00:00:00+00:00,568252.2407590966
2018-11-16 00:00:00+00:00,552178.0280286855
2018-11-17 00:00:00+00:00,542553.152011069
2018-11-18 00:00:00+00:00,539900.8787128737
2018-11-19 00:00:00+00:00,543230.3750408511
2018-11-20 00:00:00+00:00,470830.14139274595
2018-11-21 00:00:00+00:00,436790.6450829761
2018-11-22 00:00:00+00:00,446676.82430513087
2018-11-23 00:00:00+00:00,418590.7430419998
2018-11-24 00:00:00+00:00,423281.4172265226
2018-11-25 00:00:00+00:00,376751.7697903024
2018-11-26 00:00:00+00:00,391410.595091867
2018-11-27 00:00:00+00:00,369919.31808546354
2018-11-28 00:00:00+00:00,371201.0375829029
2018-11-29 00:00:00+00:00,408536.54363301914
2018-11-30 00:00:00+00:00,411155.8605508747
2018-12-01 00:00:00+00:00,386950.1674258465
2018-12-02 00:00:00+00:00,401212.54955763003
2018-12-03 00:00:00+00:00,398398.60166081355
2018-12-04 00:00:00+00:00,371852.3010777799
2018-12-05 00:00:00+00:00,378287.012828533
2018-12-06 00:00:00+00:00,360750.0561532575
2018-12-07 00:00:00+00:00,335463.52346018725
2018-12-08 00:00:00+00:00,325651.9680870263
2018-12-09 00:00:00+00:00,326188.1055251288
2018-12-10 00:00:00+00:00,339017.059440916
2018-12-11 00:00:00+00:00,328229.555822281
2018-12-12 00:00:00+00:00,323162.6010550687
2018-12-13 00:00:00+00:00,329350.16894995014
2018-12-14 00:00:00+00:00,315719.44152968
2018-12-15 00:00:00+00:00,308260.2737872429
2018-12-16 00:00:00+00:00,307092.4206908802
2018-12-17 00:00:00+00:00,308775.4707141465
2018-12-18 00:00:00+00:00,335749.4410968002
2018-12-19 00:00:00+00:00,349664.95290181995
2018-12-20 00:00:00+00:00,350407.7214524066
2018-12-21 00:00:00+00:00,387738.0027369357
2018-12-22 00:00:00+00:00,367518.70449946984
2018-12-23 00:00:00+00:00,378319.6768307106
2018-12-24 00:00:00+00:00,377333.25409184885
2018-12-25 00:00:00+00:00,385196.1188164468
2018-12-26 00:00:00+00:00,359900.9708614164
2018-12-27 00:00:00+00:00,363017.66888973134
2018-12-28 00:00:00+00:00,342348.0645677461
2018-12-29 00:00:00+00:00,369154.39827525
2018-12-30 00:00:00+00:00,355459.20817369816
2018-12-31 00:00:00+00:00,365777.5621695242
2019-01-01 00:00:00+00:00,356086.3968751072
2019-01-02 00:00:00+00:00,365414.36203609704
2019-01-03 00:00:00+00:00,371959.2887271797
2019-01-04 00:00:00+00:00,362965.48631960474
2019-01-05 00:00:00+00:00,365674.6164704302
2019-01-06 00:00:00+00:00,363802.5031601886
2019-01-07 00:00:00+00:00,384301.4942322478
2019-01-08 00:00:00+00:00,382864.0720793814
2019-01-09 00:00:00+00:00,380906.2268687327
2019-01-10 00:00:00+00:00,382014.05343885394
2019-01-11 00:00:00+00:00,344772.9801598708
2019-01-12 00:00:00+00:00,346180.31626355567
2019-01-13 00:00:00+00:00,344399.6437882141
2019-01-14 00:00:00+00:00,333818.35259540746
2019-01-15 00:00:00+00:00,348646.26481552725
2019-01-16 00:00:00+00:00,341293.74971597973
2019-01-17 00:00:00+00:00,345103.1478006338
2019-01-18 00:00:00+00:00,347408.849630635
2019-01-19 00:00:00+00:00,345253.6352312445
2019-01-20 00:00:00+00:00,352093.98057212046
2019-01-21 00:00:00+00:00,339928.06278370245
2019-01-22 00:00:00+00:00,338665.0024629899
2019-01-23 00:00:00+00:00,342942.7860239591
2019-01-24 00:00:00+00:00,341166.6598295594
2019-01-25 00:00:00+00:00,342760.1498420584
2019-01-26 00:00:00+00:00,342286.92373757914
2019-01-27 00:00:00+00:00,342301.36955080106
2019-01-28 00:00:00+00:00,340743.7398700439
2019-01-29 00:00:00+00:00,329352.40234705154
2019-01-30 00:00:00+00:00,327122.06801823614
2019-01-31 00:00:00+00:00,331790.7582756095
2019-02-01 00:00:00+00:00,329414.70442954195
2019-02-02 00:00:00+00:00,332092.2372618348
2019-02-03 00:00:00+00:00,336374.8605609485
2019-02-04 00:00:00+00:00,331784.18657369545
2019-02-05 00:00:00+00:00,332305.92852791393
2019-02-06 00:00:00+00:00,333090.4671264798
2019-02-07 00:00:00+00:00,326684.5281320589
2019-02-08 00:00:00+00:00,326034.83231203654
2019-02-09 00:00:00+00:00,351607.62761329295
2019-02-10 00:00:00+00:00,352228.9195288755
2019-02-11 00:00:00+00:00,354033.5976887703
2019-02-12 00:00:00+00:00,349112.01280469005
2019-02-13 00:00:00+00:00,349263.49982662406
2019-02-14 00:00:00+00:00,347099.9767981089
2019-02-15 00:00:00+00:00,345226.3624334321
2019-02-16 00:00:00+00:00,346466.7816220999
2019-02-17 00:00:00+00:00,348026.808538529
2019-02-18 00:00:00+00:00,353314.3388109446
2019-02-19 00:00:00+00:00,375807.98680286016
2019-02-20 00:00:00+00:00,376552.0495189682
2019-02-21 00:00:00+00:00,382784.49056891573
2019-02-22 00:00:00+00:00,379495.69659638853
2019-02-23 00:00:00+00:00,381929.60609287926
2019-02-24 00:00:00+00:00,397243.25043504767
2019-02-25 00:00:00+00:00,360398.15243482933
2019-02-26 00:00:00+00:00,368686.1117377321
2019-02-27 00:00:00+00:00,366807.10251608293
2019-02-28 00:00:00+00:00,367585.43004881404
2019-03-01 00:00:00+00:00,367212.81488764426
2019-03-02 00:00:00+00:00,368155.42788192525
2019-03-03 00:00:00+00:00,367752.96742779517
2019-03-04 00:00:00+00:00,366473.61129675934
2019-03-05 00:00:00+00:00,357444.8613056351
2019-03-06 00:00:00+00:00,371705.4615511667
2019-03-07 00:00:00+00:00,372226.11501252436
2019-03-08 00:00:00+00:00,373363.4686066425
2019-03-09 00:00:00+00:00,372284.55735124176
2019-03-10 00:00:00+00:00,379898.2325343147
2019-03-11 00:00:00+00:00,377292.85543303186
2019-03-12 00:00:00+00:00,372848.82160160993
2019-03-13 00:00:00+00:00,374022.8781626543
2019-03-14 00:00:00+00:00,372301.67855199665
2019-03-15 00:00:00+00:00,373399.32773879485
2019-03-16 00:00:00+00:00,378090.49154999934
2019-03-17 00:00:00+00:00,386157.9341276965
2019-03-18 00:00:00+00:00,383662.18373034353
2019-03-19 00:00:00+00:00,384189.89602684486
2019-03-20 00:00:00+00:00,386857.1770019634
2019-03-21 00:00:00+00:00,389475.36587741965
2019-03-22 00:00:00+00:00,383308.6235674725
2019-03-23 00:00:00+00:00,384012.55587796017
2019-03-24 00:00:00+00:00,385922.02731837763
2019-03-25 00:00:00+00:00,384587.91486388573
2019-03-26 00:00:00+00:00,379172.61120700475
2019-03-27 00:00:00+00:00,380327.27940756135
2019-03-28 00:00:00+00:00,389130.1647795973
2019-03-29 00:00:00+00:00,388054.73518748884
2019-03-30 00:00:00+00:00,395474.2179261871
2019-03-31 00:00:00+00:00,395764.15194794605
2019-04-01 00:00:00+00:00,395444.7876609452
2019-04-02 00:00:00+00:00,399254.2375432142
2019-04-03 00:00:00+00:00,467885.75111513305
2019-04-04 00:00:00+00:00,474948.2405462333
2019-04-05 00:00:00+00:00,471628.2445260096
2019-04-06 00:00:00+00:00,482154.3413587982
2019-04-07 00:00:00+00:00,485936.3327762839
2019-04-08 00:00:00+00:00,498283.18855074496
2019-04-09 00:00:00+00:00,504658.49587978126
2019-04-10 00:00:00+00:00,496211.7649616397
2019-04-11 00:00:00+00:00,511257.36822873
2019-04-12 00:00:00+00:00,482913.50012992555
2019-04-13 00:00:00+00:00,485756.36698750436
2019-04-14 00:00:00+00:00,485464.0985148097
2019-04-15 00:00:00+00:00,493971.53639126953
2019-04-16 00:00:00+00:00,483418.0980260253
2019-04-17 00:00:00+00:00,497754.29431899596
2019-04-18 00:00:00+00:00,500455.1352282828
2019-04-19 00:00:00+00:00,506280.5368729387
2019-04-20 00:00:00+00:00,506356.8699216158
2019-04-21 00:00:00+00:00,509459.8934236391
2019-04-22 00:00:00+00:00,505701.29892376217
2019-04-23 00:00:00+00:00,515271.6527955989
2019-04-24 00:00:00+00:00,527813.4863800871
2019-04-25 00:00:00+00:00,520191.2499042647
2019-04-26 00:00:00+00:00,501268.1930975851
2019-04-27 00:00:00+00:00,510363.7751105152
2019-04-28 00:00:00+00:00,508652.52730589436
2019-04-29 00:00:00+00:00,509633.46049286565
2019-04-30 00:00:00+00:00,502861.00670139125
2019-05-01 00:00:00+00:00,511203.66233014496
2019-05-02 00:00:00+00:00,516913.5864019901
2019-05-03 00:00:00+00:00,527106.2068454899
2019-05-04 00:00:00+00:00,554206.6820587545
2019-05-05 00:00:00+00:00,558960.9755723018
2019-05-06 00:00:00+00:00,554014.8403171104
2019-05-07 00:00:00+00:00,551822.5638676748
2019-05-08 00:00:00+00:00,560425.0225544851
2019-05-09 00:00:00+00:00,573493.9715076059
2019-05-10 00:00:00+00:00,593692.6558134707
2019-05-11 00:00:00+00:00,609094.570732058
2019-05-12 00:00:00+00:00,677153.6698299777
2019-05-13 00:00:00+00:00,667295.9077680463
2019-05-14 00:00:00+00:00,744489.078149817
2019-05-15 00:00:00+00:00,760411.744388342
2019-05-16 00:00:00+00:00,783807.9431910691
2019-05-17 00:00:00+00:00,756530.0799713889
2019-05-18 00:00:00+00:00,707094.6040726914
2019-05-19 00:00:00+00:00,697135.0647036519
2019-05-20 00:00:00+00:00,782842.6107241171
2019-05-21 00:00:00+00:00,762738.3876952118
2019-05-22 00:00:00+00:00,760120.0510550365
2019-05-23 00:00:00+00:00,732998.2547604832
2019-05-24 00:00:00+00:00,754176.1581781083
2019-05-25 00:00:00+00:00,765468.8387900736
2019-05-26 00:00:00+00:00,771077.6211065677
2019-05-27 00:00:00+00:00,827061.3436002351
2019-05-28 00:00:00+00:00,841063.604990973
2019-05-29 00:00:00+00:00,837106.0653371541
2019-05-30 00:00:00+00:00,831418.1591724643
2019-05-31 00:00:00+00:00,794427.6698130335
2019-06-01 00:00:00+00:00,822557.4178905273
2019-06-02 00:00:00+00:00,820886.9736038938
2019-06-03 00:00:00+00:00,838251.7525241972
2019-06-04 00:00:00+00:00,779368.4655801181
2019-06-05 00:00:00+00:00,738539.3322069808
2019-06-06 00:00:00+00:00,747580.7708726812
2019-06-07 00:00:00+00:00,748931.3737551115
2019-06-08 00:00:00+00:00,767083.5749104532
2019-06-09 00:00:00+00:00,758601.8126302878
2019-06-10 00:00:00+00:00,732900.1188876143
2019-06-11 00:00:00+00:00,767401.3726245912
2019-06-12 00:00:00+00:00,758282.5987261212
2019-06-13 00:00:00+00:00,781969.3833597376
2019-06-14 00:00:00+00:00,790357.6096801705
2019-06-15 00:00:00+00:00,830709.9434595092
2019-06-16 00:00:00+00:00,845873.1300351562
2019-06-17 00:00:00+00:00,859306.9084296774
2019-06-18 00:00:00+00:00,892929.172144012
2019-06-19 00:00:00+00:00,870573.1519101396
2019-06-20 00:00:00+00:00,886902.4701187994
2019-06-21 00:00:00+00:00,911079.424523366
2019-06-22 00:00:00+00:00,972592.9884572383
2019-06-23 00:00:00+00:00,1027513.0924627141
2019-06-24 00:00:00+00:00,1043276.9759964672
2019-06-25 00:00:00+00:00,1057323.6623400834
2019-06-26 00:00:00+00:00,1128028.2505228752
2019-06-27 00:00:00+00:00,1246481.8644881442
2019-06-28 00:00:00+00:00,1078885.3128253804
2019-06-29 00:00:00+00:00,1178902.5869426415
2019-06-30 00:00:00+00:00,1134141.4452041325
2019-07-01 00:00:00+00:00,1034397.4288061272
2019-07-02 00:00:00+00:00,1013175.5443052523
2019-07-03 00:00:00+00:00,1033163.6231487789
2019-07-04 00:00:00+00:00,1136229.3640181627
2019-07-05 00:00:00+00:00,1061063.3481073522
2019-07-06 00:00:00+00:00,1044897.3889708029
2019-07-07 00:00:00+00:00,1071625.7427571877
2019-07-08 00:00:00+00:00,1086491.2956674718
2019-07-09 00:00:00+00:00,1164734.1883712693
2019-07-10 00:00:00+00:00,1192808.2768380628
2019-07-11 00:00:00+00:00,1150812.3753246241
2019-07-12 00:00:00+00:00,1077976.959979907
2019-07-13 00:00:00+00:00,1117169.0999429345
2019-07-14 00:00:00+00:00,1079217.4087459024
2019-07-15 00:00:00+00:00,966149.6277566827
2019-07-16 00:00:00+00:00,1028376.6934743071
2019-07-17 00:00:00+00:00,895660.0663707831
2019-07-18 00:00:00+00:00,918049.7843319052
2019-07-19 00:00:00+00:00,1008860.3679779101
2019-07-20 00:00:00+00:00,997039.2295231854
2019-07-21 00:00:00+00:00,1019626.633554626
2019-07-22 00:00:00+00:00,1005350.8852944584
2019-07-23 00:00:00+00:00,981546.1366800903
2019-07-24 00:00:00+00:00,936645.266944422
2019-07-25 00:00:00+00:00,927478.7572810582
2019-07-26 00:00:00+00:00,938473.5488798565
2019-07-27 00:00:00+00:00,933270.2698039856
2019-07-28 00:00:00+00:00,899994.1834663235
2019-07-29 00:00:00+00:00,906317.9582840058
2019-07-30 00:00:00+00:00,903086.8130111115
2019-07-31 00:00:00+00:00,909233.850667875
2019-08-01 00:00:00+00:00,957294.7901834013
2019-08-02 00:00:00+00:00,984799.1054306903
2019-08-03 00:00:00+00:00,998606.5515008133
2019-08-04 00:00:00+00:00,1026203.6452662857
2019-08-05 00:00:00+00:00,1036636.404912327
2019-08-06 00:00:00+00:00,1121463.4152095255
2019-08-07 00:00:00+00:00,1088525.3579871869
2019-08-08 00:00:00+00:00,1134675.2062396347
2019-08-09 00:00:00+00:00,1136814.7005362227
2019-08-10 00:00:00+00:00,1124871.374154869
2019-08-11 00:00:00+00:00,1071347.063956184
2019-08-12 00:00:00+00:00,1094477.8170435624
2019-08-13 00:00:00+00:00,1079722.889962302
2019-08-14 00:00:00+00:00,1032482.6757050179
2019-08-15 00:00:00+00:00,952287.3025248963
2019-08-16 00:00:00+00:00,975174.1961229512
2019-08-17 00:00:00+00:00,978471.9474951569
2019-08-18 00:00:00+00:00,967638.0891655502
2019-08-19 00:00:00+00:00,976655.24114807
2019-08-20 00:00:00+00:00,1034024.5855549983
2019-08-21 00:00:00+00:00,1019174.7634297627
2019-08-22 00:00:00+00:00,960846.1497932458
2019-08-23 00:00:00+00:00,957007.4539395787
2019-08-24 00:00:00+00:00,984330.6659216097
2019-08-25 00:00:00+00:00,960216.0303007038
2019-08-26 00:00:00+00:00,960760.6422222955
2019-08-27 00:00:00+00:00,982379.0620493015
2019-08-28 00:00:00+00:00,964757.5783532656
2019-08-29 00:00:00+00:00,920405.1422328779
2019-08-30 00:00:00+00:00,899232.4997061995
2019-08-31 00:00:00+00:00,907299.7624521732
2019-09-01 00:00:00+00:00,907672.2759300149
2019-09-02 00:00:00+00:00,920561.5422000723
2019-09-03 00:00:00+00:00,978529.2301447312
2019-09-04 00:00:00+00:00,1004370.4139422759
2019-09-05 00:00:00+00:00,999589.3235272022
2019-09-06 00:00:00+00:00,999297.8930082804
2019-09-07 00:00:00+00:00,974176.5411511923
2019-09-08 00:00:00+00:00,989397.410967437
2019-09-09 00:00:00+00:00,982618.0981304632
2019-09-10 00:00:00+00:00,975258.8601739659
2019-09-11 00:00:00+00:00,956052.5973397538
2019-09-12 00:00:00+00:00,961544.7545706364
2019-09-13 00:00:00+00:00,985659.0762202439
2019-09-14 00:00:00+00:00,978831.3272097002
2019-09-15 00:00:00+00:00,978548.9825876666
2019-09-16 00:00:00+00:00,975463.4164049883
2019-09-17 00:00:00+00:00,971148.3681981132
2019-09-18 00:00:00+00:00,965749.8658889101
2019-09-19 00:00:00+00:00,963129.7469706814
2019-09-20 00:00:00+00:00,971671.5154242206
2019-09-21 00:00:00+00:00,964436.2990611187
2019-09-22 00:00:00+00:00,947190.0856566847
2019-09-23 00:00:00+00:00,950933.6537119723
2019-09-24 00:00:00+00:00,919723.1396187702
2019-09-25 00:00:00+00:00,804487.5344663992
2019-09-26 00:00:00+00:00,798861.4370029214
2019-09-27 00:00:00+00:00,764300.2452956679
2019-09-28 00:00:00+00:00,775370.4628646971
2019-09-29 00:00:00+00:00,777302.062261152
2019-09-30 00:00:00+00:00,762542.7774345633
2019-10-01 00:00:00+00:00,786128.3178810162
2019-10-02 00:00:00+00:00,786185.3378590809
2019-10-03 00:00:00+00:00,792724.5938851564
2019-10-04 00:00:00+00:00,779745.775513573
2019-10-05 00:00:00+00:00,771650.1186210918
2019-10-06 00:00:00+00:00,770669.7621253909
2019-10-07 00:00:00+00:00,744862.1257218088
2019-10-08 00:00:00+00:00,776853.3572892349
2019-10-09 00:00:00+00:00,774842.8189753443
2019-10-10 00:00:00+00:00,812219.6023799093
2019-10-11 00:00:00+00:00,811841.7387080109
2019-10-12 00:00:00+00:00,783272.4845394855
2019-10-13 00:00:00+00:00,787138.0272768256
2019-10-14 00:00:00+00:00,784903.1605890032
2019-10-15 00:00:00+00:00,792024.1393616629
2019-10-16 00:00:00+00:00,774003.8147561889
2019-10-17 00:00:00+00:00,757967.9277643524
2019-10-18 00:00:00+00:00,765561.3857665042
2019-10-19 00:00:00+00:00,753741.1822403555
2019-10-20 00:00:00+00:00,753807.0549869026
2019-10-21 00:00:00+00:00,779780.0038583245
2019-10-22 00:00:00+00:00,777274.9384790144
2019-10-23 00:00:00+00:00,760522.2778457548
2019-10-24 00:00:00+00:00,708164.6634292656
2019-10-25 00:00:00+00:00,703018.0822381128
2019-10-26 00:00:00+00:00,820545.9713871309
2019-10-27 00:00:00+00:00,874314.0638831244
2019-10-28 00:00:00+00:00,902706.2183717879
2019-10-29 00:00:00+00:00,872165.142110268
2019-10-30 00:00:00+00:00,891583.4283249698
2019-10-31 00:00:00+00:00,867518.3733890441
2019-11-01 00:00:00+00:00,866179.7399469909
2019-11-02 00:00:00+00:00,874718.9241120359
2019-11-03 00:00:00+00:00,880161.6258112306
2019-11-04 00:00:00+00:00,871219.9204120985
2019-11-05 00:00:00+00:00,890094.9806323887
2019-11-06 00:00:00+00:00,882313.7629463274
2019-11-07 00:00:00+00:00,885282.6668893142
2019-11-08 00:00:00+00:00,873521.191670477
2019-11-09 00:00:00+00:00,831869.5535368706
2019-11-10 00:00:00+00:00,835302.9110034136
2019-11-11 00:00:00+00:00,857093.5864373368
2019-11-12 00:00:00+00:00,828179.7482551561
2019-11-13 00:00:00+00:00,836603.0593870175
2019-11-14 00:00:00+00:00,832453.304709563
2019-11-15 00:00:00+00:00,820048.4560139902
2019-11-16 00:00:00+00:00,803383.9475257872
2019-11-17 00:00:00+00:00,805299.9780704143
2019-11-18 00:00:00+00:00,806438.5736311352
2019-11-19 00:00:00+00:00,776538.2905763155
2019-11-20 00:00:00+00:00,771401.7569458247
2019-11-21 00:00:00+00:00,767993.2220520036
2019-11-22 00:00:00+00:00,723227.4643432529
2019-11-23 00:00:00+00:00,688943.6342075441
2019-11-24 00:00:00+00:00,693144.1691735323
2019-11-25 00:00:00+00:00,654254.2664761954
2019-11-26 00:00:00+00:00,673860.8278842762
2019-11-27 00:00:00+00:00,678340.3891878716
2019-11-28 00:00:00+00:00,711618.0010203108
2019-11-29 00:00:00+00:00,703160.3796036162
2019-11-30 00:00:00+00:00,733401.2821284374
2019-12-01 00:00:00+00:00,714680.3560780281
2019-12-02 00:00:00+00:00,700485.8933373458
2019-12-03 00:00:00+00:00,691291.8281652253
2019-12-04 00:00:00+00:00,691080.07770431
2019-12-05 00:00:00+00:00,681773.0331763076
2019-12-06 00:00:00+00:00,700155.9464448857
2019-12-07 00:00:00+00:00,713174.8037749839
2019-12-08 00:00:00+00:00,709439.2508117325
2019-12-09 00:00:00+00:00,711625.6212492067
2019-12-10 00:00:00+00:00,695391.6921541255
2019-12-11 00:00:00+00:00,684560.4465382147
2019-12-12 00:00:00+00:00,683146.9901508423
2019-12-13 00:00:00+00:00,682081.7719096154
2019-12-14 00:00:00+00:00,687765.4034185647
2019-12-15 00:00:00+00:00,669376.117021496
2019-12-16 00:00:00+00:00,674524.9450502743
2019-12-17 00:00:00+00:00,652777.9477015977
2019-12-18 00:00:00+00:00,627142.4263132917
2019-12-19 00:00:00+00:00,689027.914198956
2019-12-20 00:00:00+00:00,676859.6300221016
2019-12-21 00:00:00+00:00,680405.2878160123
2019-12-22 00:00:00+00:00,675174.3999468593
2019-12-23 00:00:00+00:00,710013.9487189888
2019-12-24 00:00:00+00:00,692519.5004402808
2019-12-25 00:00:00+00:00,686761.5886120162
2019-12-26 00:00:00+00:00,681851.4659308749
2019-12-27 00:00:00+00:00,681632.383146133
2019-12-28 00:00:00+00:00,686630.637494543
2019-12-29 00:00:00+00:00,692505.7693821427
2019-12-30 00:00:00+00:00,699517.9474277578
2019-12-31 00:00:00+00:00,686047.3876360042
2020-01-01 00:00:00+00:00,681166.7408211243
2020-01-02 00:00:00+00:00,681761.4911064671
2020-01-03 00:00:00+00:00,659439.9579233463
2020-01-04 00:00:00+00:00,695756.2115411798
2020-01-05 00:00:00+00:00,696687.9954201224
2020-01-06 00:00:00+00:00,697184.8324149975
2020-01-07 00:00:00+00:00,735305.3031131714
2020-01-08 00:00:00+00:00,771269.4606245294
2020-01-09 00:00:00+00:00,762779.8591444911
2020-01-10 00:00:00+00:00,740410.8263179312
2020-01-11 00:00:00+00:00,776935.5499873555
2020-01-12 00:00:00+00:00,760170.181054886
2020-01-13 00:00:00+00:00,775994.684338024
2020-01-14 00:00:00+00:00,768836.7673803285
2020-01-15 00:00:00+00:00,837093.1061360252
2020-01-16 00:00:00+00:00,838408.8804809034
2020-01-17 00:00:00+00:00,828513.5413618081
2020-01-18 00:00:00+00:00,847660.281380871
2020-01-19 00:00:00+00:00,847228.8622686407
2020-01-20 00:00:00+00:00,827007.4837686111
2020-01-21 00:00:00+00:00,821606.9426892678
2020-01-22 00:00:00+00:00,830466.3823107246
2020-01-23 00:00:00+00:00,825540.1934445653
2020-01-24 00:00:00+00:00,798761.6311476891
2020-01-25 00:00:00+00:00,801795.4875355768
2020-01-26 00:00:00+00:00,792325.6710757322
2020-01-27 00:00:00+00:00,819209.2105611772
2020-01-28 00:00:00+00:00,846964.1291777864
2020-01-29 00:00:00+00:00,891077.2114086845
2020-01-30 00:00:00+00:00,884323.0769053287
2020-01-31 00:00:00+00:00,904911.1304278703
2020-02-01 00:00:00+00:00,889321.5213983145
2020-02-02 00:00:00+00:00,892617.4762931259
2020-02-03 00:00:00+00:00,887777.382202477
2020-02-04 00:00:00+00:00,884365.5193500071
2020-02-05 00:00:00+00:00,875305.3544918629
2020-02-06 00:00:00+00:00,916434.8103034161
2020-02-07 00:00:00+00:00,931709.2185097343
2020-02-08 00:00:00+00:00,935843.6456439235
2020-02-09 00:00:00+00:00,943655.9697107449
2020-02-10 00:00:00+00:00,967959.1650629058
2020-02-11 00:00:00+00:00,939883.4679999303
2020-02-12 00:00:00+00:00,975292.2938819539
2020-02-13 00:00:00+00:00,986547.4902565615
2020-02-14 00:00:00+00:00,977685.2842508128
2020-02-15 00:00:00+00:00,989567.4335859354
2020-02-16 00:00:00+00:00,946060.2123416391
2020-02-17 00:00:00+00:00,946035.6436028358
2020-02-18 00:00:00+00:00,926873.4656036078
2020-02-19 00:00:00+00:00,970374.9893871959
2020-02-20 00:00:00+00:00,914944.8958841539
2020-02-21 00:00:00+00:00,914894.3006495372
2020-02-22 00:00:00+00:00,923023.6824616968
2020-02-23 00:00:00+00:00,920308.7235199844
2020-02-24 00:00:00+00:00,948282.409609461
2020-02-25 00:00:00+00:00,921096.020592256
2020-02-26 00:00:00+00:00,887815.6866662592
2020-02-27 00:00:00+00:00,836216.3379234205
2020-02-28 00:00:00+00:00,840223.9369128037
2020-02-29 00:00:00+00:00,827746.9529207313
2020-03-01 00:00:00+00:00,811331.4624725963
2020-03-02 00:00:00+00:00,812255.3364255416
2020-03-03 00:00:00+00:00,849363.1212620471
2020-03-04 00:00:00+00:00,834332.6077046025
2020-03-05 00:00:00+00:00,833189.3526727341
2020-03-06 00:00:00+00:00,862127.4286493569
2020-03-07 00:00:00+00:00,870434.4411324101
2020-03-08 00:00:00+00:00,846644.543942201
2020-03-09 00:00:00+00:00,763799.0233320748
2020-03-10 00:00:00+00:00,754330.266919675
2020-03-11 00:00:00+00:00,750941.0938714977
2020-03-12 00:00:00+00:00,754176.3311017683
2020-03-13 00:00:00+00:00,455357.65263258986
2020-03-14 00:00:00+00:00,529904.4450414561
2020-03-15 00:00:00+00:00,491260.45371044776
2020-03-16 00:00:00+00:00,509240.4982778036
2020-03-17 00:00:00+00:00,477556.7266400813
2020-03-18 00:00:00+00:00,504407.617374572
2020-03-19 00:00:00+00:00,512271.3203479024
2020-03-20 00:00:00+00:00,585568.4026187275
2020-03-21 00:00:00+00:00,589611.5304273318
2020-03-22 00:00:00+00:00,587735.1358031245
2020-03-23 00:00:00+00:00,552214.5249985703
2020-03-24 00:00:00+00:00,613909.1150657772
2020-03-25 00:00:00+00:00,639947.6178359654
2020-03-26 00:00:00+00:00,633372.6396508605
2020-03-27 00:00:00+00:00,639278.4843098795
2020-03-28 00:00:00+00:00,603400.801348552
2020-03-29 00:00:00+00:00,592025.8623641408
2020-03-30 00:00:00+00:00,558443.4688767109
2020-03-31 00:00:00+00:00,606875.6597933694
2020-04-01 00:00:00+00:00,608360.5436128706
2020-04-02 00:00:00+00:00,630214.7400386593
2020-04-03 00:00:00+00:00,644734.7830249832
2020-04-04 00:00:00+00:00,639317.9940788957
2020-04-05 00:00:00+00:00,650916.832500528
2020-04-06 00:00:00+00:00,642822.6262520121
2020-04-07 00:00:00+00:00,696724.5067433759
2020-04-08 00:00:00+00:00,683954.6709803764
2020-04-09 00:00:00+00:00,700037.7931511165
2020-04-10 00:00:00+00:00,692471.7866069231
2020-04-11 00:00:00+00:00,651695.83061649
2020-04-12 00:00:00+00:00,653402.6853225828
2020-04-13 00:00:00+00:00,655913.7578428593
2020-04-14 00:00:00+00:00,649428.2579270877
2020-04-15 00:00:00+00:00,652371.8232922059
2020-04-16 00:00:00+00:00,628862.0718922442
2020-04-17 00:00:00+00:00,675025.5360552527
2020-04-18 00:00:00+00:00,667980.911598465
2020-04-19 00:00:00+00:00,689652.6797466782
2020-04-20 00:00:00+00:00,677123.2515400383
2020-04-21 00:00:00+00:00,648928.3037729418
2020-04-22 00:00:00+00:00,650326.9144113525
2020-04-23 00:00:00+00:00,677671.1848200562
2020-04-24 00:00:00+00:00,711074.6109322362
2020-04-25 00:00:00+00:00,713308.9045262535
2020-04-26 00:00:00+00:00,716782.9801751958
2020-04-27 00:00:00+00:00,731453.6138597247
2020-04-28 00:00:00+00:00,738850.354862937
2020-04-29 00:00:00+00:00,735520.2473490305
2020-04-30 00:00:00+00:00,833354.8310345889
2020-05-01 00:00:00+00:00,817892.0163158883
2020-05-02 00:00:00+00:00,837534.0028593744
2020-05-03 00:00:00+00:00,851302.8238317843
2020-05-04 00:00:00+00:00,843565.7426189851
2020-05-05 00:00:00+00:00,841148.4474370655
2020-05-06 00:00:00+00:00,854991.8527570597
2020-05-07 00:00:00+00:00,865675.1980898972
2020-05-08 00:00:00+00:00,944860.2335525167
2020-05-09 00:00:00+00:00,927834.4861419938
2020-05-10 00:00:00+00:00,903688.5644413301
2020-05-11 00:00:00+00:00,825849.4201852998
2020-05-12 00:00:00+00:00,810829.776324602
2020-05-13 00:00:00+00:00,834178.761814375
2020-05-14 00:00:00+00:00,881054.3104695178
2020-05-15 00:00:00+00:00,926064.8675222074
2020-05-16 00:00:00+00:00,881330.7291811082
2020-05-17 00:00:00+00:00,887687.4446288692
2020-05-18 00:00:00+00:00,915838.2657582447
2020-05-19 00:00:00+00:00,921471.9413933973
2020-05-20 00:00:00+00:00,925309.6359749809
2020-05-21 00:00:00+00:00,900405.4546792668
2020-05-22 00:00:00+00:00,858401.2906796254
2020-05-23 00:00:00+00:00,868443.7884487684
2020-05-24 00:00:00+00:00,869217.5086203524
2020-05-25 00:00:00+00:00,825993.6816456896
2020-05-26 00:00:00+00:00,843133.0413706237
2020-05-27 00:00:00+00:00,837400.7207385561
2020-05-28 00:00:00+00:00,871568.5293273854
2020-05-29 00:00:00+00:00,906826.4342371152
2020-05-30 00:00:00+00:00,892984.7890381557
2020-05-31 00:00:00+00:00,919683.0571726174
2020-06-01 00:00:00+00:00,895520.6051670297
2020-06-02 00:00:00+00:00,966552.6674841228
2020-06-03 00:00:00+00:00,902645.5678529072
2020-06-04 00:00:00+00:00,916799.5087256542
2020-06-05 00:00:00+00:00,928197.1055241742
2020-06-06 00:00:00+00:00,912474.0728048238
2020-06-07 00:00:00+00:00,916674.6641179918
2020-06-08 00:00:00+00:00,924247.4911115261
2020-06-09 00:00:00+00:00,927634.5341037333
2020-06-10 00:00:00+00:00,926571.7924420539
2020-06-11 00:00:00+00:00,937325.4349073673
2020-06-12 00:00:00+00:00,879651.991898231
2020-06-13 00:00:00+00:00,897339.9581824484
2020-06-14 00:00:00+00:00,898167.6648449991
2020-06-15 00:00:00+00:00,885553.5070378892
2020-06-16 00:00:00+00:00,893216.7577572876
2020-06-17 00:00:00+00:00,902727.0994814242
2020-06-18 00:00:00+00:00,897134.2035627668
2020-06-19 00:00:00+00:00,889559.6256216783
2020-06-20 00:00:00+00:00,882295.246599553
2020-06-21 00:00:00+00:00,886813.9342867995
2020-06-22 00:00:00+00:00,880728.7748407583
2020-06-23 00:00:00+00:00,918035.641625235
2020-06-24 00:00:00+00:00,912473.0941445014
2020-06-25 00:00:00+00:00,881343.006060268
2020-06-26 00:00:00+00:00,876863.2834884579
2020-06-27 00:00:00+00:00,868598.1788874551
2020-06-28 00:00:00+00:00,853742.4793887489
2020-06-29 00:00:00+00:00,863790.796686317
2020-06-30 00:00:00+00:00,871098.6227972537
2020-07-01 00:00:00+00:00,865860.8039714663
2020-07-02 00:00:00+00:00,874855.9635258334
2020-07-03 00:00:00+00:00,861007.1364868024
2020-07-04 00:00:00+00:00,858330.9790812244
2020-07-05 00:00:00+00:00,865850.1578742912
2020-07-06 00:00:00+00:00,859558.3494068609
2020-07-07 00:00:00+00:00,886365.3711781612
2020-07-08 00:00:00+00:00,878110.2847747996
2020-07-09 00:00:00+00:00,895310.7103971015
2020-07-10 00:00:00+00:00,876011.9056896224
2020-07-11 00:00:00+00:00,881162.7066567873
2020-07-12 00:00:00+00:00,876014.2612343595
2020-07-13 00:00:00+00:00,882650.5014332274
2020-07-14 00:00:00+00:00,876795.9481835729
2020-07-15 00:00:00+00:00,878044.8463277821
2020-07-16 00:00:00+00:00,872472.2790816962
2020-07-17 00:00:00+00:00,866141.2667221127
2020-07-18 00:00:00+00:00,867966.5921182288
2020-07-19 00:00:00+00:00,869629.3720997018
2020-07-20 00:00:00+00:00,873499.4052803473
2020-07-21 00:00:00+00:00,868673.7282789771
2020-07-22 00:00:00+00:00,890698.4639228387
2020-07-23 00:00:00+00:00,903767.2168606891
2020-07-24 00:00:00+00:00,912199.1608124
2020-07-25 00:00:00+00:00,906190.8740817168
2020-07-26 00:00:00+00:00,923106.8307679993
2020-07-27 00:00:00+00:00,944684.1680052801
2020-07-28 00:00:00+00:00,1047672.5326282223
2020-07-29 00:00:00+00:00,1036543.4226147118
2020-07-30 00:00:00+00:00,1054566.0525266933
2020-07-31 00:00:00+00:00,1055432.706120963
2020-08-01 00:00:00+00:00,1078176.288080307
2020-08-02 00:00:00+00:00,1124156.0974961973
2020-08-03 00:00:00+00:00,1054778.0230462595
2020-08-04 00:00:00+00:00,1069591.2316681864
2020-08-05 00:00:00+00:00,1067056.8466025852
2020-08-06 00:00:00+00:00,1119199.3886762296
2020-08-07 00:00:00+00:00,1120883.3635690906
2020-08-08 00:00:00+00:00,1104264.58985428
2020-08-09 00:00:00+00:00,1120925.2681588891
2020-08-10 00:00:00+00:00,1113046.156810983
2020-08-11 00:00:00+00:00,1132962.2237628312
2020-08-12 00:00:00+00:00,1084971.8785738766
2020-08-13 00:00:00+00:00,1101614.6161455202
2020-08-14 00:00:00+00:00,1123897.7239761646
2020-08-15 00:00:00+00:00,1122731.4480554182
2020-08-16 00:00:00+00:00,1131298.7049216214
2020-08-17 00:00:00+00:00,1137022.3852278485
2020-08-18 00:00:00+00:00,1171416.4804021535
2020-08-19 00:00:00+00:00,1139338.6030690777
2020-08-20 00:00:00+00:00,1120525.790086712
2020-08-21 00:00:00+00:00,1130272.3680329784
2020-08-22 00:00:00+00:00,1098428.216687685
2020-08-23 00:00:00+00:00,1111259.4086879664
2020-08-24 00:00:00+00:00,1109683.8579213698
2020-08-25 00:00:00+00:00,1119964.9041546027
2020-08-26 00:00:00+00:00,1078274.67866846
2020-08-27 00:00:00+00:00,1091746.4533659548
2020-08-28 00:00:00+00:00,1079155.8507194044
2020-08-29 00:00:00+00:00,1098178.116460457
2020-08-30 00:00:00+00:00,1092770.1860720085
2020-08-31 00:00:00+00:00,1117497.314635508
2020-09-01 00:00:00+00:00,1111772.423298724
2020-09-02 00:00:00+00:00,1139910.177907512
2020-09-03 00:00:00+00:00,1087670.2180724023
2020-09-04 00:00:00+00:00,967121.7853417817
2020-09-05 00:00:00+00:00,996102.3573080412
2020-09-06 00:00:00+00:00,967066.4796056779
2020-09-07 00:00:00+00:00,976624.495323815
2020-09-08 00:00:00+00:00,987565.2431232492
2020-09-09 00:00:00+00:00,963598.1369726587
2020-09-10 00:00:00+00:00,973037.9095618088
2020-09-11 00:00:00+00:00,985019.643502892
2020-09-12 00:00:00+00:00,990077.8680511853
2020-09-13 00:00:00+00:00,996069.0884471785
2020-09-14 00:00:00+00:00,984626.1346269132
2020-09-15 00:00:00+00:00,1016705.4303709905
2020-09-16 00:00:00+00:00,1026419.4327404241
2020-09-17 00:00:00+00:00,1041982.7799691394
2020-09-18 00:00:00+00:00,1042142.1562796462
2020-09-19 00:00:00+00:00,1041239.7166948637
2020-09-20 00:00:00+00:00,1054880.1695355524
2020-09-21 00:00:00+00:00,1039004.8794543877
2020-09-22 00:00:00+00:00,990114.664055061
2020-09-23 00:00:00+00:00,1000981.1537967828
2020-09-24 00:00:00+00:00,972604.2547021694
2020-09-25 00:00:00+00:00,1020394.061444776
2020-09-26 00:00:00+00:00,1016028.4012050808
2020-09-27 00:00:00+00:00,1020160.7158476022
2020-09-28 00:00:00+00:00,1024764.1577883621
2020-09-29 00:00:00+00:00,1017254.7460662533
2020-09-30 00:00:00+00:00,1031131.990986763
2020-10-01 00:00:00+00:00,1025238.4883399727
2020-10-02 00:00:00+00:00,1010193.3659879285
2020-10-03 00:00:00+00:00,1004996.3302112657
2020-10-04 00:00:00+00:00,1002387.8596623953
2020-10-05 00:00:00+00:00,1014417.5712169047
2020-10-06 00:00:00+00:00,1026202.8048787371
2020-10-07 00:00:00+00:00,1007426.1949234339
2020-10-08 00:00:00+00:00,1013765.7705903737
2020-10-09 00:00:00+00:00,1038281.0149378455
2020-10-10 00:00:00+00:00,1051079.9559130426
2020-10-11 00:00:00+00:00,1073899.9358363738
2020-10-12 00:00:00+00:00,1081387.866536047
2020-10-13 00:00:00+00:00,1096935.7954437074
2020-10-14 00:00:00+00:00,1086892.98467009
2020-10-15 00:00:00+00:00,1086648.742096526
2020-10-16 00:00:00+00:00,1094679.1532223755
2020-10-17 00:00:00+00:00,1076300.2220223518
2020-10-18 00:00:00+00:00,1080113.0693161471
2020-10-19 00:00:00+00:00,1094085.1796415811
2020-10-20 00:00:00+00:00,1117087.7020996339
2020-10-21 00:00:00+00:00,1130637.7626740553
2020-10-22 00:00:00+00:00,1213004.2956761084
2020-10-23 00:00:00+00:00,1232089.8454728702
2020-10-24 00:00:00+00:00,1227653.315404362
2020-10-25 00:00:00+00:00,1245496.452476227
2020-10-26 00:00:00+00:00,1237323.587317593
2020-10-27 00:00:00+00:00,1238386.8106994282
2020-10-28 00:00:00+00:00,1293138.3994118145
2020-10-29 00:00:00+00:00,1258008.2338222954
2020-10-30 00:00:00+00:00,1275265.4285484215
2020-10-31 00:00:00+00:00,1284453.3213549512
2020-11-01 00:00:00+00:00,1306081.1428839331
2020-11-02 00:00:00+00:00,1304139.3244821804
2020-11-03 00:00:00+00:00,1283310.7585708655
2020-11-04 00:00:00+00:00,1327036.8111308273
2020-11-05 00:00:00+00:00,1338921.1526555265
2020-11-06 00:00:00+00:00,1473585.3130163653
2020-11-07 00:00:00+00:00,1475427.6841736862
2020-11-08 00:00:00+00:00,1403549.0963763355
2020-11-09 00:00:00+00:00,1465909.8205400594
2020-11-10 00:00:00+00:00,1451522.3132046994
2020-11-11 00:00:00+00:00,1448838.1232896796
2020-11-12 00:00:00+00:00,1485303.5757677492
2020-11-13 00:00:00+00:00,1541399.181865489
2020-11-14 00:00:00+00:00,1545081.8967725227
2020-11-15 00:00:00+00:00,1520911.2481889788
2020-11-16 00:00:00+00:00,1509240.8611355105
2020-11-17 00:00:00+00:00,1580369.2259033616
2020-11-18 00:00:00+00:00,1669264.2943693572
2020-11-19 00:00:00+00:00,1679495.3484158192
2020-11-20 00:00:00+00:00,1681667.1026021896
2020-11-21 00:00:00+00:00,1763147.8889118824
2020-11-22 00:00:00+00:00,1771499.7280432922
2020-11-23 00:00:00+00:00,1744679.5618424849
2020-11-24 00:00:00+00:00,1744437.4164287718
2020-11-25 00:00:00+00:00,1818044.6712978932
2020-11-26 00:00:00+00:00,1774024.7361088153
2020-11-27 00:00:00+00:00,1624685.475342276
2020-11-28 00:00:00+00:00,1623498.6860897858
2020-11-29 00:00:00+00:00,1678612.2444960193
2020-11-30 00:00:00+00:00,1724293.5396774586
2020-12-01 00:00:00+00:00,1867252.333561309
2020-12-02 00:00:00+00:00,1778542.0720084268
2020-12-03 00:00:00+00:00,1820058.9079819056
2020-12-04 00:00:00+00:00,1841348.3542828807
2020-12-05 00:00:00+00:00,1766480.9378954654
2020-12-06 00:00:00+00:00,1814597.9285172638
2020-12-07 00:00:00+00:00,1834354.5043777262
2020-12-08 00:00:00+00:00,1815944.2373730876
2020-12-09 00:00:00+00:00,1735294.883205739
2020-12-10 00:00:00+00:00,1756468.830703944
2020-12-11 00:00:00+00:00,1728981.4867632482
2020-12-12 00:00:00+00:00,1707838.7736594577
2020-12-13 00:00:00+00:00,1780909.2990695976
2020-12-14 00:00:00+00:00,1816531.4053534828
2020-12-15 00:00:00+00:00,1825356.2864037864
2020-12-16 00:00:00+00:00,1839841.2864212075
2020-12-17 00:00:00+00:00,2019892.261316507
2020-12-18 00:00:00+00:00,2155234.0351681607
2020-12-19 00:00:00+00:00,2184751.6565547492
2020-12-20 00:00:00+00:00,2251318.5022650543
2020-12-21 00:00:00+00:00,2216915.798193768
2020-12-22 00:00:00+00:00,2145907.812573562
2020-12-23 00:00:00+00:00,2248927.685941197
2020-12-24 00:00:00+00:00,2190792.5600796244
2020-12-25 00:00:00+00:00,2239121.876492396
2020-12-26 00:00:00+00:00,2331699.210117555
2020-12-27 00:00:00+00:00,2496865.969291345
2020-12-28 00:00:00+00:00,2480404.860777702
2020-12-29 00:00:00+00:00,2557447.775328316
2020-12-30 00:00:00+00:00,2585486.0899236347
2020-12-31 00:00:00+00:00,2724240.9388894723
2021-01-01 00:00:00+00:00,2727116.483880807
2021-01-02 00:00:00+00:00,2764340.5360769895
2021-01-03 00:00:00+00:00,3030376.760065412
2021-01-04 00:00:00+00:00,3121601.584182761
2021-01-05 00:00:00+00:00,3031691.4848858514
2021-01-06 00:00:00+00:00,3216834.3611809555
2021-01-07 00:00:00+00:00,3485085.0163802933
2021-01-08 00:00:00+00:00,3731607.0009600692
2021-01-09 00:00:00+00:00,3836957.2066339045
2021-01-10 00:00:00+00:00,3798500.795642945
2021-01-11 00:00:00+00:00,3618700.2643146873
2021-01-12 00:00:00+00:00,3351165.1311798785
2021-01-13 00:00:00+00:00,3223083.4956584354
2021-01-14 00:00:00+00:00,3535871.790982161
2021-01-15 00:00:00+00:00,3706869.398469218
2021-01-16 00:00:00+00:00,3480298.633187835
2021-01-17 00:00:00+00:00,3415225.7318696077
2021-01-18 00:00:00+00:00,3400099.544801566
2021-01-19 00:00:00+00:00,3476688.752649837
2021-01-20 00:00:00+00:00,3415189.086739913
2021-01-21 00:00:00+00:00,3376664.802234866
2021-01-22 00:00:00+00:00,2931116.6870830283
2021-01-23 00:00:00+00:00,3133009.451795839
2021-01-24 00:00:00+00:00,3053034.9681730606
2021-01-25 00:00:00+00:00,3080343.461036314
2021-01-26 00:00:00+00:00,3074681.9498559516
2021-01-27 00:00:00+00:00,3097296.6044385983
2021-01-28 00:00:00+00:00,2893749.8197470815
2021-01-29 00:00:00+00:00,3177146.253402347
2021-01-30 00:00:00+00:00,3262277.012245708
2021-01-31 00:00:00+00:00,3263439.9549459023
2021-02-01 00:00:00+00:00,3150784.5683284514
2021-02-02 00:00:00+00:00,3205285.097533328
2021-02-03 00:00:00+00:00,3373552.172050966
2021-02-04 00:00:00+00:00,3589218.1462244317
2021-02-05 00:00:00+00:00,3484075.302235214
2021-02-06 00:00:00+00:00,3619237.6663335073
2021-02-07 00:00:00+00:00,3673143.821338291
2021-02-08 00:00:00+00:00,3627685.4750885633
2021-02-09 00:00:00+00:00,4255895.898500783
2021-02-10 00:00:00+00:00,4304986.416425626
2021-02-11 00:00:00+00:00,4195339.571223489
2021-02-12 00:00:00+00:00,4435125.777833319
2021-02-13 00:00:00+00:00,4565389.27298073
2021-02-14 00:00:00+00:00,4558188.553904616
2021-02-15 00:00:00+00:00,4609752.083164227
2021-02-16 00:00:00+00:00,4507213.949550629
2021-02-17 00:00:00+00:00,4677537.074597705
2021-02-18 00:00:00+00:00,4897575.262008833
2021-02-19 00:00:00+00:00,4866268.68829278
2021-02-20 00:00:00+00:00,5218863.011247002
2021-02-21 00:00:00+00:00,5169749.003751757
2021-02-22 00:00:00+00:00,5308527.983443574
2021-02-23 00:00:00+00:00,4976241.644141739
2021-02-24 00:00:00+00:00,4462648.681143003
2021-02-25 00:00:00+00:00,4533694.832514829
2021-02-26 00:00:00+00:00,4286251.466329721
2021-02-27 00:00:00+00:00,4213778.900824913
2021-02-28 00:00:00+00:00,4206127.486168323
2021-03-01 00:00:00+00:00,4115605.117941967
2021-03-02 00:00:00+00:00,4522836.467900982
2021-03-03 00:00:00+00:00,4415321.54621408
2021-03-04 00:00:00+00:00,4590399.702950072
2021-03-05 00:00:00+00:00,4412250.959873949
2021-03-06 00:00:00+00:00,4445032.42277541
2021-03-07 00:00:00+00:00,4464179.201046376
2021-03-08 00:00:00+00:00,4655453.648070222
2021-03-09 00:00:00+00:00,4786978.370236004
2021-03-10 00:00:00+00:00,5014727.254542939
2021-03-11 00:00:00+00:00,5095547.905486537
2021-03-12 00:00:00+00:00,5268883.806264183
2021-03-13 00:00:00+00:00,5224457.618636684
2021-03-14 00:00:00+00:00,5578855.328965878
2021-03-15 00:00:00+00:00,5375954.428191742
2021-03-16 00:00:00+00:00,5072658.07460457
2021-03-17 00:00:00+00:00,5188880.334294547
2021-03-18 00:00:00+00:00,5369663.1429413725
2021-03-19 00:00:00+00:00,5253729.203401366
2021-03-20 00:00:00+00:00,5289822.873333714
2021-03-21 00:00:00+00:00,5296094.760902193
2021-03-22 00:00:00+00:00,5227742.625080782
2021-03-23 00:00:00+00:00,4930006.744262733
2021-03-24 00:00:00+00:00,4952159.91661567
2021-03-25 00:00:00+00:00,4765042.76520156
2021-03-26 00:00:00+00:00,4674809.480624387
2021-03-27 00:00:00+00:00,5014923.118254722
2021-03-28 00:00:00+00:00,5086692.2095139
2021-03-29 00:00:00+00:00,5081613.778254741
2021-03-30 00:00:00+00:00,5255370.863956914
2021-03-31 00:00:00+00:00,5356958.884260009
2021-04-01 00:00:00+00:00,5360978.980411424
2021-04-02 00:00:00+00:00,5363738.497362666
2021-04-03 00:00:00+00:00,5395381.176672393
2021-04-04 00:00:00+00:00,5217308.695879596
2021-04-05 00:00:00+00:00,5325320.466292235
2021-04-06 00:00:00+00:00,5411010.406508416
2021-04-07 00:00:00+00:00,5311926.02264031
2021-04-08 00:00:00+00:00,5119500.945111229
2021-04-09 00:00:00+00:00,5317789.672787334
2021-04-10 00:00:00+00:00,5323885.683656349
2021-04-11 00:00:00+00:00,5474268.714240348
2021-04-12 00:00:00+00:00,5498401.026754795
2021-04-13 00:00:00+00:00,5487996.890785419
2021-04-14 00:00:00+00:00,5826827.836730319
2021-04-15 00:00:00+00:00,5781242.380844658
2021-04-16 00:00:00+00:00,5804474.555110534
2021-04-17 00:00:00+00:00,5635451.224444872
2021-04-18 00:00:00+00:00,5510735.851462466
2021-04-19 00:00:00+00:00,5160415.109512889
2021-04-20 00:00:00+00:00,5109881.885467935
2021-04-21 00:00:00+00:00,5194466.106901966
2021-04-22 00:00:00+00:00,4959837.44179396
2021-04-23 00:00:00+00:00,4774540.67554123
2021-04-24 00:00:00+00:00,4722751.556959016
2021-04-25 00:00:00+00:00,4615387.284559848
2021-04-26 00:00:00+00:00,4535719.315190262
2021-04-27 00:00:00+00:00,4989965.165570241
2021-04-28 00:00:00+00:00,5090270.299467348
2021-04-29 00:00:00+00:00,5080647.414950836
2021-04-30 00:00:00+00:00,4967662.987189808
2021-05-01 00:00:00+00:00,5337816.409336351
2021-05-02 00:00:00+00:00,5359828.89397664
2021-05-03 00:00:00+00:00,5251481.604834445
2021-05-04 00:00:00+00:00,5340167.484499475
2021-05-05 00:00:00+00:00,4972022.999119659
2021-05-06 00:00:00+00:00,5370144.484909888
2021-05-07 00:00:00+00:00,5274299.893724513
2021-05-08 00:00:00+00:00,5354334.564656026
2021-05-09 00:00:00+00:00,5521759.3515286185
2021-05-10 00:00:00+00:00,5469515.670070036
2021-05-11 00:00:00+00:00,5253616.871272753
2021-05-12 00:00:00+00:00,5347430.00779341
2021-05-13 00:00:00+00:00,4695937.849152696
2021-05-14 00:00:00+00:00,4691407.932965252
2021-05-15 00:00:00+00:00,4733614.390135994
2021-05-16 00:00:00+00:00,4428547.848980446
2021-05-17 00:00:00+00:00,4394970.11000428
2021-05-18 00:00:00+00:00,4116286.1815103907
2021-05-19 00:00:00+00:00,4064974.014333118
2021-05-20 00:00:00+00:00,3439596.8203050382
2021-05-21 00:00:00+00:00,3805717.025372154
2021-05-22 00:00:00+00:00,3487677.233294823
2021-05-23 00:00:00+00:00,3493726.800918873
2021-05-24 00:00:00+00:00,3229664.2149083996
2021-05-25 00:00:00+00:00,3640179.9943608018
2021-05-26 00:00:00+00:00,3601903.3244553767
2021-05-27 00:00:00+00:00,3698181.87833868
2021-05-28 00:00:00+00:00,3624284.731192622
2021-05-29 00:00:00+00:00,3345025.3716533757
2021-05-30 00:00:00+00:00,3240482.6920356783
2021-05-31 00:00:00+00:00,3340993.2992179147
2021-06-01 00:00:00+00:00,3508094.8795919404
2021-06-02 00:00:00+00:00,3453709.062293644
2021-06-03 00:00:00+00:00,3538358.1376990895
2021-06-04 00:00:00+00:00,3698991.8116924814
2021-06-05 00:00:00+00:00,3470977.703099452
2021-06-06 00:00:00+00:00,3350085.7600553324
2021-06-07 00:00:00+00:00,3381460.831928383
2021-06-08 00:00:00+00:00,3172228.199632539
2021-06-09 00:00:00+00:00,3150720.3257486294
2021-06-10 00:00:00+00:00,3513277.640537676
2021-06-11 00:00:00+00:00,3438798.150259416
2021-06-12 00:00:00+00:00,3487526.120886581
2021-06-13 00:00:00+00:00,3330893.8650333737
2021-06-14 00:00:00+00:00,3649251.1498615257
2021-06-15 00:00:00+00:00,3786829.3706830987
2021-06-16 00:00:00+00:00,3750936.397586799
2021-06-17 00:00:00+00:00,3578622.247805142
2021-06-18 00:00:00+00:00,3556755.1685263617
2021-06-19 00:00:00+00:00,3344768.129600195
2021-06-20 00:00:00+00:00,3309749.4505337756
2021-06-21 00:00:00+00:00,3326187.790218277
2021-06-22 00:00:00+00:00,2943338.6687395624
2021-06-23 00:00:00+00:00,3021701.0422993028
2021-06-24 00:00:00+00:00,3133213.733841518
2021-06-25 00:00:00+00:00,3222503.305092066
2021-06-26 00:00:00+00:00,2935958.181834279
2021-06-27 00:00:00+00:00,2999149.285382805
2021-06-28 00:00:00+00:00,3224189.100946301
2021-06-29 00:00:00+00:00,3213713.8558572107
2021-06-30 00:00:00+00:00,3345366.6704442725
2021-07-01 00:00:00+00:00,3277012.196334039
2021-07-02 00:00:00+00:00,3127839.5917343353
2021-07-03 00:00:00+00:00,3156077.9218881465
2021-07-04 00:00:00+00:00,3240117.0520012486
2021-07-05 00:00:00+00:00,3302170.6535399784
2021-07-06 00:00:00+00:00,3152438.5487194625
2021-07-07 00:00:00+00:00,3209158.8764653057
2021-07-08 00:00:00+00:00,3177562.0564908823
2021-07-09 00:00:00+00:00,3075074.571974242
2021-07-10 00:00:00+00:00,3160843.771313049
2021-07-11 00:00:00+00:00,3130492.837847125
2021-07-12 00:00:00+00:00,3199817.076925886
2021-07-13 00:00:00+00:00,3088254.4298006836
2021-07-14 00:00:00+00:00,3049556.896789157
2021-07-15 00:00:00+00:00,3061444.6350321854
2021-07-16 00:00:00+00:00,2973348.8749213982
2021-07-17 00:00:00+00:00,2925332.407665665
2021-07-18 00:00:00+00:00,2938824.5713450345
2021-07-19 00:00:00+00:00,2961172.6174034635
2021-07-20 00:00:00+00:00,2871559.737521911
2021-07-21 00:00:00+00:00,2775319.7078330754
2021-07-22 00:00:00+00:00,3000167.243208637
2021-07-23 00:00:00+00:00,3015229.330494795
2021-07-24 00:00:00+00:00,3141579.695449384
2021-07-25 00:00:00+00:00,3200997.109053456
2021-07-26 00:00:00+00:00,3300577.929907413
2021-07-27 00:00:00+00:00,3467528.463171056
2021-07-28 00:00:00+00:00,3669114.2234368
2021-07-29 00:00:00+00:00,3718924.942626904
2021-07-30 00:00:00+00:00,3724790.955480775
2021-07-31 00:00:00+00:00,3924201.9779245765
2021-08-01 00:00:00+00:00,3864034.9282455794
2021-08-02 00:00:00+00:00,3722996.832689212
2021-08-03 00:00:00+00:00,3665167.6755109825
2021-08-04 00:00:00+00:00,3574583.0023535113
2021-08-05 00:00:00+00:00,3724973.387111325
2021-08-06 00:00:00+00:00,3833421.5562375598
2021-08-07 00:00:00+00:00,4012508.803525514
2021-08-08 00:00:00+00:00,4186061.5011653737
2021-08-09 00:00:00+00:00,4105435.7607860994
2021-08-10 00:00:00+00:00,4334201.93863539
2021-08-11 00:00:00+00:00,4275046.890224964
2021-08-12 00:00:00+00:00,4271334.90748775
2021-08-13 00:00:00+00:00,4164486.3700088137
2021-08-14 00:00:00+00:00,4486586.571872581
2021-08-15 00:00:00+00:00,4417528.94437895
2021-08-16 00:00:00+00:00,4401649.786263089
2021-08-17 00:00:00+00:00,4409853.448009356
2021-08-18 00:00:00+00:00,4189560.4647645936
2021-08-19 00:00:00+00:00,4190503.0199456774
2021-08-20 00:00:00+00:00,4386376.694473901
2021-08-21 00:00:00+00:00,4621189.757143049
2021-08-22 00:00:00+00:00,4572051.013994321
2021-08-23 00:00:00+00:00,4610035.093409417
2021-08-24 00:00:00+00:00,4640979.740660333
2021-08-25 00:00:00+00:00,4467920.044008603
2021-08-26 00:00:00+00:00,4588289.310532306
2021-08-27 00:00:00+00:00,4388874.394087926
2021-08-28 00:00:00+00:00,4599899.405690823
2021-08-29 00:00:00+00:00,4582054.23867175
2021-08-30 00:00:00+00:00,4568793.454604273
2021-08-31 00:00:00+00:00,4410872.833055619
2021-09-01 00:00:00+00:00,4438597.194221892
2021-09-02 00:00:00+00:00,4619121.785781675
2021-09-03 00:00:00+00:00,4654416.642785035
2021-09-04 00:00:00+00:00,4733645.8948091
2021-09-05 00:00:00+00:00,4722558.923772248
2021-09-06 00:00:00+00:00,4890397.0676763635
2021-09-07 00:00:00+00:00,4967936.333092962
2021-09-08 00:00:00+00:00,4415102.87532881
2021-09-09 00:00:00+00:00,4348641.749562127
2021-09-10 00:00:00+00:00,4373681.18744164
2021-09-11 00:00:00+00:00,4219924.97279693
2021-09-12 00:00:00+00:00,4253417.792482487
2021-09-13 00:00:00+00:00,4339377.654931966
2021-09-14 00:00:00+00:00,4233737.126138635
2021-09-15 00:00:00+00:00,4437059.835531498
2021-09-16 00:00:00+00:00,4541100.911558923
2021-09-17 00:00:00+00:00,4502989.70869113
2021-09-18 00:00:00+00:00,4450001.619711605
2021-09-19 00:00:00+00:00,4540787.423479383
2021-09-20 00:00:00+00:00,4439356.786397959
2021-09-21 00:00:00+00:00,4037028.8879464087
2021-09-22 00:00:00+00:00,3818743.0489470726
2021-09-23 00:00:00+00:00,4092848.727650254
2021-09-24 00:00:00+00:00,4215178.840887891
2021-09-25 00:00:00+00:00,4014979.4412341905
2021-09-26 00:00:00+00:00,4001605.2446135622
2021-09-27 00:00:00+00:00,4055176.2734308206
2021-09-28 00:00:00+00:00,3955038.584899068
2021-09-29 00:00:00+00:00,3846725.9924111073
2021-09-30 00:00:00+00:00,3896064.630525317
2021-10-01 00:00:00+00:00,4111097.483188376
2021-10-02 00:00:00+00:00,4517048.385202964
2021-10-03 00:00:00+00:00,4479448.3800260145
2021-10-04 00:00:00+00:00,4531656.741390436
2021-10-05 00:00:00+00:00,4618437.961379091
2021-10-06 00:00:00+00:00,4826532.309728176
2021-10-07 00:00:00+00:00,5167714.986599186
2021-10-08 00:00:00+00:00,5034628.3858782975
2021-10-09 00:00:00+00:00,5046521.7206410235
2021-10-10 00:00:00+00:00,5135168.131876513
2021-10-11 00:00:00+00:00,5095475.79080668
2021-10-12 00:00:00+00:00,5352642.603804112
2021-10-13 00:00:00+00:00,5220741.874625363
2021-10-14 00:00:00+00:00,5352525.346805808
2021-10-15 00:00:00+00:00,5364440.317668569
2021-10-16 00:00:00+00:00,5750666.364296141
2021-10-17 00:00:00+00:00,5677091.927246055
2021-10-18 00:00:00+00:00,5735913.891325017
2021-10-19 00:00:00+00:00,5770599.1761997
2021-10-20 00:00:00+00:00,5980482.584749591
2021-10-21 00:00:00+00:00,6155701.059098158
2021-10-22 00:00:00+00:00,5812013.839214994
2021-10-23 00:00:00+00:00,5674127.763000089
2021-10-24 00:00:00+00:00,5742545.362170203
2021-10-25 00:00:00+00:00,5697125.615980158
2021-10-26 00:00:00+00:00,5904286.916377028
2021-10-27 00:00:00+00:00,5655652.13718961
2021-10-28 00:00:00+00:00,5468688.74159142
2021-10-29 00:00:00+00:00,5689773.3614810165
2021-10-30 00:00:00+00:00,5849312.586369904
2021-10-31 00:00:00+00:00,5806571.441729795
2021-11-01 00:00:00+00:00,5754803.9514329955
2021-11-02 00:00:00+00:00,5724514.706844418
2021-11-03 00:00:00+00:00,5910110.927442154
2021-11-04 00:00:00+00:00,5923384.079501383
2021-11-05 00:00:00+00:00,5785797.124475188
2021-11-06 00:00:00+00:00,5742498.333462466
2021-11-07 00:00:00+00:00,5794918.757254027
2021-11-08 00:00:00+00:00,5961087.990882729
2021-11-09 00:00:00+00:00,6350723.734296461
2021-11-10 00:00:00+00:00,6293697.852737103
2021-11-11 00:00:00+00:00,6102698.144477308
2021-11-12 00:00:00+00:00,6100737.039122622
2021-11-13 00:00:00+00:00,6038724.867087537
2021-11-14 00:00:00+00:00,6061821.94478032
2021-11-15 00:00:00+00:00,6161030.141378279
2021-11-16 00:00:00+00:00,5986814.969969841
2021-11-17 00:00:00+00:00,5644479.081603627
2021-11-18 00:00:00+00:00,5675374.431018514
2021-11-19 00:00:00+00:00,5345779.399476892
2021-11-20 00:00:00+00:00,5474060.936892804
2021-11-21 00:00:00+00:00,5630075.766015644
2021-11-22 00:00:00+00:00,5522512.631281521
2021-11-23 00:00:00+00:00,5298874.406236367
2021-11-24 00:00:00+00:00,5433362.784754177
2021-11-25 00:00:00+00:00,5391429.6012743395
2021-11-26 00:00:00+00:00,5573651.066348796
2021-11-27 00:00:00+00:00,5072591.934997693
2021-11-28 00:00:00+00:00,5164911.767423635
2021-11-29 00:00:00+00:00,5405442.502514415
2021-11-30 00:00:00+00:00,5462019.703234349
2021-12-01 00:00:00+00:00,5403700.761973256
2021-12-02 00:00:00+00:00,5421592.211080404
2021-12-03 00:00:00+00:00,5353563.0507571
2021-12-04 00:00:00+00:00,5075424.928605013
2021-12-05 00:00:00+00:00,4674556.188227624
2021-12-06 00:00:00+00:00,4700941.291266056
2021-12-07 00:00:00+00:00,4805811.387024147
2021-12-08 00:00:00+00:00,4814910.941547388
2021-12-09 00:00:00+00:00,4816591.2883827975
2021-12-10 00:00:00+00:00,4531117.659332367
2021-12-11 00:00:00+00:00,4477718.028984807
2021-12-12 00:00:00+00:00,4691264.48936561
2021-12-13 00:00:00+00:00,4752973.490842749
2021-12-14 00:00:00+00:00,4428177.206422781
2021-12-15 00:00:00+00:00,4579131.4378628
2021-12-16 00:00:00+00:00,4639239.7274407195
2021-12-17 00:00:00+00:00,4525459.450578487
2021-12-18 00:00:00+00:00,4387706.476020576
2021-12-19 00:00:00+00:00,4456989.718621291
2021-12-20 00:00:00+00:00,4440183.999767993
2021-12-21 00:00:00+00:00,4461831.571417489
2021-12-22 00:00:00+00:00,4641413.860783198
2021-12-23 00:00:00+00:00,4612531.932808757
2021-12-24 00:00:00+00:00,4822289.285954528
2021-12-25 00:00:00+00:00,4815346.909698965
2021-12-26 00:00:00+00:00,4782451.837390337
2021-12-27 00:00:00+00:00,4813185.24713931
2021-12-28 00:00:00+00:00,4805367.728447294
2021-12-29 00:00:00+00:00,4506493.527486428
2021-12-30 00:00:00+00:00,4397738.111538944
2021-12-31 00:00:00+00:00,4462063.294550942
2022-01-01 00:00:00+00:00,4379856.998026022
2022-01-02 00:00:00+00:00,4520403.709703446
2022-01-04 00:00:00+00:00,4407142.998332426
2022-01-05 00:00:00+00:00,4354033.257573335
2022-01-06 00:00:00+00:00,4123440.615395261
2022-01-07 00:00:00+00:00,4080278.7459548726
2022-01-08 00:00:00+00:00,3928964.5375736104
2022-01-09 00:00:00+00:00,3929010.7844625744
2022-01-10 00:00:00+00:00,3951253.0574200754
2022-01-11 00:00:00+00:00,3940979.2807188695
2022-01-12 00:00:00+00:00,4035142.290547214
2022-01-13 00:00:00+00:00,4150367.1508210856
2022-01-14 00:00:00+00:00,4021257.0085439933
2022-01-15 00:00:00+00:00,4071329.414686784
2022-01-16 00:00:00+00:00,4075489.0863941163
2022-01-17 00:00:00+00:00,4076213.33163027
2022-01-18 00:00:00+00:00,3987513.0930423634
2022-01-19 00:00:00+00:00,3996569.5247247764
2022-01-20 00:00:00+00:00,3928744.756985317
2022-01-21 00:00:00+00:00,3834722.5382546633
2022-01-22 00:00:00+00:00,3425221.8424958447
2022-01-23 00:00:00+00:00,3289973.1708529107
2022-01-24 00:00:00+00:00,3404495.079267359
2022-01-25 00:00:00+00:00,3432079.4507208667
2022-01-26 00:00:00+00:00,3460625.730969759
2022-01-27 00:00:00+00:00,3447148.0136330645
2022-01-28 00:00:00+00:00,3475357.0936851026
2022-01-29 00:00:00+00:00,3533636.6252362076
2022-01-30 00:00:00+00:00,3578150.927298246
2022-01-31 00:00:00+00:00,3552233.5667147054
2022-02-01 00:00:00+00:00,3610537.4122734843
2022-02-02 00:00:00+00:00,3639405.473807083
2022-02-03 00:00:00+00:00,3471713.2693990264
2022-02-04 00:00:00+00:00,3509720.073900462
2022-02-05 00:00:00+00:00,3909265.707269792
2022-02-06 00:00:00+00:00,3894411.9758833726
2022-02-07 00:00:00+00:00,3985931.7348257797
2022-02-08 00:00:00+00:00,4121686.088700197
2022-02-09 00:00:00+00:00,4136460.018582838
2022-02-10 00:00:00+00:00,4176118.095143851
2022-02-11 00:00:00+00:00,4085002.3915993767
2022-02-12 00:00:00+00:00,3973621.3150515077
2022-02-13 00:00:00+00:00,3959404.799518286
2022-02-14 00:00:00+00:00,3940728.444092042
2022-02-15 00:00:00+00:00,3988119.3980180225
2022-02-16 00:00:00+00:00,4186270.4583107675
2022-02-17 00:00:00+00:00,4122243.5720367553
2022-02-18 00:00:00+00:00,3807665.760528707
2022-02-19 00:00:00+00:00,3750954.717267889
2022-02-20 00:00:00+00:00,3759102.259869273
2022-02-21 00:00:00+00:00,3598352.580167592
2022-02-22 00:00:00+00:00,3471176.968939748
2022-02-23 00:00:00+00:00,3584964.7546374537
2022-02-24 00:00:00+00:00,3493991.284720758
2022-02-25 00:00:00+00:00,3589856.272384919
2022-02-26 00:00:00+00:00,3682571.854936731
2022-02-27 00:00:00+00:00,3674292.5544409826
2022-02-28 00:00:00+00:00,3536113.338852939
2022-03-01 00:00:00+00:00,4041802.202454077
2022-03-02 00:00:00+00:00,4157166.7868800936
2022-03-03 00:00:00+00:00,4108975.665316897
2022-03-04 00:00:00+00:00,3974112.0639650947
2022-03-05 00:00:00+00:00,3667749.133678874
2022-03-06 00:00:00+00:00,3692189.008353708
2022-03-07 00:00:00+00:00,3597421.370404052
2022-03-08 00:00:00+00:00,3555820.928622557
2022-03-09 00:00:00+00:00,3626709.4756055647
2022-03-10 00:00:00+00:00,3919834.3353721914
2022-03-11 00:00:00+00:00,3689593.9096598676
2022-03-12 00:00:00+00:00,3623350.9309328673
2022-03-13 00:00:00+00:00,3630591.167200531
2022-03-14 00:00:00+00:00,3536512.2586710816
2022-03-15 00:00:00+00:00,3708607.860867691
2022-03-16 00:00:00+00:00,3675966.9379294915
2022-03-17 00:00:00+00:00,3848248.802308194
2022-03-18 00:00:00+00:00,3834406.7782444498
2022-03-19 00:00:00+00:00,3917924.4875522647
2022-03-20 00:00:00+00:00,3957850.196920003
2022-03-21 00:00:00+00:00,3868605.5549195698
2022-03-22 00:00:00+00:00,3848218.125037933
2022-03-23 00:00:00+00:00,3972632.803285432
2022-03-24 00:00:00+00:00,4023042.629901186
2022-03-25 00:00:00+00:00,4126307.9689991437
2022-03-26 00:00:00+00:00,4153778.4864719263
2022-03-27 00:00:00+00:00,4174605.0324503803
2022-03-28 00:00:00+00:00,4389342.419207136
2022-03-29 00:00:00+00:00,4418165.856063423
2022-03-30 00:00:00+00:00,4451345.334904832
2022-03-31 00:00:00+00:00,4418688.278558937
2022-04-01 00:00:00+00:00,4274210.896254833
2022-04-02 00:00:00+00:00,4356709.4372849
2022-04-03 00:00:00+00:00,4314195.697176561
2022-04-04 00:00:00+00:00,4373276.926687669
2022-04-05 00:00:00+00:00,4388040.121450973
2022-04-06 00:00:00+00:00,4283872.076761985
2022-04-07 00:00:00+00:00,4059213.7100394396
2022-04-08 00:00:00+00:00,4088646.7457784526
2022-04-09 00:00:00+00:00,3979958.855711196
2022-04-10 00:00:00+00:00,4029542.047662525
2022-04-11 00:00:00+00:00,3972265.5392111354
2022-04-12 00:00:00+00:00,3722520.717379907
2022-04-13 00:00:00+00:00,3775068.8726348323
2022-04-14 00:00:00+00:00,3876850.470959938
2022-04-15 00:00:00+00:00,3762839.67724659
2022-04-16 00:00:00+00:00,3817853.3301306176
2022-04-17 00:00:00+00:00,3804215.9914655173
2022-04-18 00:00:00+00:00,3736493.084536484
2022-04-19 00:00:00+00:00,3841298.356581199
2022-04-20 00:00:00+00:00,3906316.0178792304
2022-04-21 00:00:00+00:00,3892109.684105504
2022-04-22 00:00:00+00:00,3806974.6418141034
2022-04-23 00:00:00+00:00,3737850.3701877436
2022-04-24 00:00:00+00:00,3711698.054688549
2022-04-25 00:00:00+00:00,3711361.1648667096
2022-04-26 00:00:00+00:00,3804069.706910011
2022-04-27 00:00:00+00:00,3584525.076831384
2022-04-28 00:00:00+00:00,3689511.47361773
2022-04-29 00:00:00+00:00,3738157.4921301613
2022-04-30 00:00:00+00:00,3627362.682855431
2022-05-01 00:00:00+00:00,3534119.0991265574
2022-05-02 00:00:00+00:00,3616000.609728201
2022-05-03 00:00:00+00:00,3623364.356935558
2022-05-04 00:00:00+00:00,3547397.0211357744
2022-05-05 00:00:00+00:00,3733142.7747171484
2022-05-06 00:00:00+00:00,3441245.389169457
2022-05-07 00:00:00+00:00,3389497.180468257
2022-05-08 00:00:00+00:00,3336808.1535544144
2022-05-09 00:00:00+00:00,3201400.096728361
2022-05-10 00:00:00+00:00,2827864.5201185765
2022-05-11 00:00:00+00:00,2920380.359917653
2022-05-12 00:00:00+00:00,2729637.9609600888
2022-05-13 00:00:00+00:00,2713138.802346235
2022-05-14 00:00:00+00:00,2740628.4176799785
2022-05-15 00:00:00+00:00,2814906.599028542
2022-05-16 00:00:00+00:00,2931769.977792537
2022-05-17 00:00:00+00:00,2793701.9747621976
2022-05-18 00:00:00+00:00,2849525.396661694
2022-05-19 00:00:00+00:00,2682945.7050693478
2022-05-20 00:00:00+00:00,2832690.4329148745
2022-05-21 00:00:00+00:00,2729499.4852445126
2022-05-22 00:00:00+00:00,2752622.4933095737
2022-05-23 00:00:00+00:00,2832814.994330383
2022-05-24 00:00:00+00:00,2723090.691903489
2022-05-25 00:00:00+00:00,2771898.548724463
2022-05-26 00:00:00+00:00,2758963.300839554
2022-05-27 00:00:00+00:00,2716295.2330551827
2022-05-28 00:00:00+00:00,2660924.466312819
2022-05-29 00:00:00+00:00,2701597.724270618
2022-05-30 00:00:00+00:00,2741624.4458046714
2022-05-31 00:00:00+00:00,2955644.3350888956
2022-06-01 00:00:00+00:00,2957019.67032928
2022-06-02 00:00:00+00:00,2771168.953588229
2022-06-03 00:00:00+00:00,2829538.5163012343
2022-06-04 00:00:00+00:00,2758385.4105264703
2022-06-05 00:00:00+00:00,2775248.352725067
2022-06-06 00:00:00+00:00,2780120.866193598
2022-06-07 00:00:00+00:00,2911992.330191218
2022-06-08 00:00:00+00:00,2886287.8854040243
2022-06-09 00:00:00+00:00,2803720.7310320106
2022-06-10 00:00:00+00:00,2795255.4847448356
2022-06-11 00:00:00+00:00,2695680.7705160407
2022-06-12 00:00:00+00:00,2626142.2808357133
2022-06-13 00:00:00+00:00,2455336.5427438593
2022-06-14 00:00:00+00:00,2077800.049959433
2022-06-15 00:00:00+00:00,2046986.8997166674
2022-06-16 00:00:00+00:00,2089135.1819884472
2022-06-17 00:00:00+00:00,1883245.4967044734
2022-06-18 00:00:00+00:00,1890838.4678597483
2022-06-19 00:00:00+00:00,1751523.9261052804
2022-06-20 00:00:00+00:00,1903451.1386017639
2022-06-21 00:00:00+00:00,1903545.403419735
2022-06-22 00:00:00+00:00,1916645.3556241316
2022-06-23 00:00:00+00:00,1845848.5501387601
2022-06-24 00:00:00+00:00,1952475.6824083047
2022-06-25 00:00:00+00:00,1970571.6800840683
2022-06-26 00:00:00+00:00,1994214.873195646
2022-06-27 00:00:00+00:00,1950573.7334359197
2022-06-28 00:00:00+00:00,1924170.231650547
2022-06-29 00:00:00+00:00,1879480.162324726
2022-06-30 00:00:00+00:00,1861846.7716816969
2022-07-01 00:00:00+00:00,1843654.4705061337
2022-07-02 00:00:00+00:00,1784344.1656235056
2022-07-03 00:00:00+00:00,1782561.8962371673
2022-07-04 00:00:00+00:00,1788680.752232522
2022-07-05 00:00:00+00:00,1875952.2254638344
2022-07-06 00:00:00+00:00,1869161.2298963268
2022-07-07 00:00:00+00:00,1907676.8429571788
2022-07-08 00:00:00+00:00,2005021.402963553
2022-07-09 00:00:00+00:00,2000572.578975967
2022-07-10 00:00:00+00:00,2000618.5742754592
2022-07-11 00:00:00+00:00,1932462.7355760334
2022-07-12 00:00:00+00:00,1847557.866332284
2022-07-13 00:00:00+00:00,1787186.972041859
2022-07-14 00:00:00+00:00,1873047.733819535
2022-07-15 00:00:00+00:00,1910332.7851939
2022-07-16 00:00:00+00:00,1934364.6702172675
2022-07-17 00:00:00+00:00,1976174.2303822695
2022-07-18 00:00:00+00:00,1939777.9650128707
2022-07-19 00:00:00+00:00,2102327.592150676
2022-07-20 00:00:00+00:00,2184638.909807526
2022-07-21 00:00:00+00:00,2167404.888918668
2022-07-22 00:00:00+00:00,2165399.0804090514
2022-07-23 00:00:00+00:00,2121053.2283805553
2022-07-24 00:00:00+00:00,2101334.5866478668
2022-07-25 00:00:00+00:00,2116366.9598943954
2022-07-26 00:00:00+00:00,1992329.308743734
2022-07-27 00:00:00+00:00,1988105.8844030965
2022-07-28 00:00:00+00:00,2152257.0168590075
2022-07-29 00:00:00+00:00,2237518.5509482217
2022-07-30 00:00:00+00:00,2231660.0889299074
2022-07-31 00:00:00+00:00,2218254.925434922
2022-08-01 00:00:00+00:00,2185834.0706559927
2022-08-02 00:00:00+00:00,2180323.3159717815
2022-08-03 00:00:00+00:00,2155502.072253721
2022-08-04 00:00:00+00:00,2139935.4707918176
2022-08-05 00:00:00+00:00,2122288.775788694
2022-08-06 00:00:00+00:00,2192306.906416224
2022-08-07 00:00:00+00:00,2157442.659356361
2022-08-08 00:00:00+00:00,2177825.567413261
2022-08-09 00:00:00+00:00,2239430.8694143393
2022-08-10 00:00:00+00:00,2175843.058247208
2022-08-11 00:00:00+00:00,2257498.449928981
2022-08-12 00:00:00+00:00,2257455.192545881
2022-08-13 00:00:00+00:00,2304509.0872497847
2022-08-14 00:00:00+00:00,2309487.680969777
2022-08-15 00:00:00+00:00,2293909.327483572
2022-08-16 00:00:00+00:00,2272830.1316024265
2022-08-17 00:00:00+00:00,2249908.8744865307
2022-08-18 00:00:00+00:00,2201363.970138864
2022-08-19 00:00:00+00:00,2188474.024879405
2022-08-20 00:00:00+00:00,1962979.9800278484
2022-08-21 00:00:00+00:00,1987918.5744459743
2022-08-22 00:00:00+00:00,2024528.6211898378
2022-08-23 00:00:00+00:00,2014637.9608087589
2022-08-24 00:00:00+00:00,2028874.792943268
2022-08-25 00:00:00+00:00,2013934.506779911
2022-08-26 00:00:00+00:00,2033598.637418769
2022-08-27 00:00:00+00:00,1903503.7038696972
2022-08-28 00:00:00+00:00,1884254.2218543321
2022-08-29 00:00:00+00:00,1837087.056330755
2022-08-30 00:00:00+00:00,1910546.271558429
2022-08-31 00:00:00+00:00,1866577.3749232509
2022-09-01 00:00:00+00:00,1889622.6104188033
2022-09-02 00:00:00+00:00,1898650.117339566
2022-09-03 00:00:00+00:00,1881911.7471163792
2022-09-04 00:00:00+00:00,1870190.2246543115
2022-09-05 00:00:00+00:00,1886527.8238455579
2022-09-06 00:00:00+00:00,1870362.9390222777
2022-09-07 00:00:00+00:00,1776498.2338792933
2022-09-08 00:00:00+00:00,1825772.7997241125
2022-09-09 00:00:00+00:00,1828539.9693381975
2022-09-10 00:00:00+00:00,2016474.700007689
2022-09-11 00:00:00+00:00,2045400.1527495207
2022-09-12 00:00:00+00:00,2060975.4294185024
2022-09-13 00:00:00+00:00,2109426.3464138824
2022-09-14 00:00:00+00:00,1901851.4344148205
2022-09-15 00:00:00+00:00,1910144.5724130706
2022-09-16 00:00:00+00:00,1853966.9601977475
2022-09-17 00:00:00+00:00,1861046.6362834675
2022-09-18 00:00:00+00:00,1890899.8175270671
2022-09-19 00:00:00+00:00,1820714.0978617761
2022-09-20 00:00:00+00:00,1833947.5246016998
2022-09-21 00:00:00+00:00,1771510.9663697006
2022-09-22 00:00:00+00:00,1730176.5688876754
2022-09-23 00:00:00+00:00,1819184.6007600117
2022-09-24 00:00:00+00:00,1809244.5862491527
2022-09-25 00:00:00+00:00,1775471.3402781975
2022-09-26 00:00:00+00:00,1764092.4424195536
2022-09-27 00:00:00+00:00,1804122.2381478825
2022-09-28 00:00:00+00:00,1790230.2115174108
2022-09-29 00:00:00+00:00,1820844.5556637822
2022-09-30 00:00:00+00:00,1836868.9987713667
2022-10-01 00:00:00+00:00,1821330.5103117258
2022-10-02 00:00:00+00:00,1810378.9761551283
2022-10-03 00:00:00+00:00,1785752.183442662
2022-10-04 00:00:00+00:00,1839668.8243215717
2022-10-05 00:00:00+00:00,1905598.5396068534
2022-10-06 00:00:00+00:00,1888928.7472486882
2022-10-07 00:00:00+00:00,1870985.8628647793
2022-10-08 00:00:00+00:00,1831075.8216107758
2022-10-09 00:00:00+00:00,1820089.340250524
2022-10-10 00:00:00+00:00,1822406.641744567
2022-10-11 00:00:00+00:00,1792920.1865533611
2022-10-12 00:00:00+00:00,1785916.6538288184
2022-10-13 00:00:00+00:00,1795223.2628497279
2022-10-14 00:00:00+00:00,1814618.9786839793
2022-10-15 00:00:00+00:00,1797177.1919251096
2022-10-16 00:00:00+00:00,1786399.349743695
2022-10-17 00:00:00+00:00,1805465.917084831
2022-10-18 00:00:00+00:00,1832656.644275923
2022-10-19 00:00:00+00:00,1811527.7981244575
2022-10-20 00:00:00+00:00,1791858.639569002
2022-10-21 00:00:00+00:00,1784264.8271473497
2022-10-22 00:00:00+00:00,1796180.850862664
2022-10-23 00:00:00+00:00,1800484.8804231158
2022-10-24 00:00:00+00:00,1836089.7008140488
2022-10-25 00:00:00+00:00,1813321.472182679
2022-10-26 00:00:00+00:00,1886903.2779795718
2022-10-27 00:00:00+00:00,1954570.4897801508
2022-10-28 00:00:00+00:00,1908998.1626699069
2022-10-29 00:00:00+00:00,1937974.334527883
2022-10-30 00:00:00+00:00,1960944.6904665045
2022-10-31 00:00:00+00:00,1943238.6795260673
2022-11-01 00:00:00+00:00,1930256.2113598157
2022-11-02 00:00:00+00:00,1929830.4807602533
2022-11-03 00:00:00+00:00,1897022.7097763373
2022-11-04 00:00:00+00:00,1902837.0321257557
2022-11-05 00:00:00+00:00,1993605.8539931225
2022-11-06 00:00:00+00:00,2006408.2635947554
2022-11-07 00:00:00+00:00,1967828.1778193384
2022-11-08 00:00:00+00:00,1939357.140299223
2022-11-09 00:00:00+00:00,1743556.2668071191
2022-11-10 00:00:00+00:00,1494514.1007560687
2022-11-11 00:00:00+00:00,1655998.2340086568
2022-11-12 00:00:00+00:00,1607333.8005919002
2022-11-13 00:00:00+00:00,1582331.048781857
2022-11-14 00:00:00+00:00,1536962.6448306327
2022-11-15 00:00:00+00:00,1564189.5673496833
2022-11-16 00:00:00+00:00,1590034.914460382
2022-11-17 00:00:00+00:00,1566739.7367662075
2022-11-18 00:00:00+00:00,1568669.3855371329
2022-11-19 00:00:00+00:00,1570034.488284565
2022-11-20 00:00:00+00:00,1570270.129268626
2022-11-21 00:00:00+00:00,1528618.3498584703
2022-11-22 00:00:00+00:00,1481760.7946656263
2022-11-23 00:00:00+00:00,1523810.5806254547
2022-11-24 00:00:00+00:00,1560491.2739484317
2022-11-25 00:00:00+00:00,1561021.8984049545
2022-11-26 00:00:00+00:00,1553837.3871078622
2022-11-27 00:00:00+00:00,1548573.672498622
2022-11-28 00:00:00+00:00,1545269.0701775837
2022-11-29 00:00:00+00:00,1524320.3829409743
2022-11-30 00:00:00+00:00,1547361.342736383
2022-12-01 00:00:00+00:00,1616240.8143092524
2022-12-02 00:00:00+00:00,1598480.347271517
2022-12-03 00:00:00+00:00,1609735.0946880812
2022-12-04 00:00:00+00:00,1588537.5016063375
2022-12-05 00:00:00+00:00,1610201.9921591792
2022-12-06 00:00:00+00:00,1596689.0741220135
2022-12-07 00:00:00+00:00,1608349.9550056835
2022-12-08 00:00:00+00:00,1583735.4086911813
2022-12-09 00:00:00+00:00,1620943.7457203614
2022-12-10 00:00:00+00:00,1611482.0076547104
2022-12-11 00:00:00+00:00,1611555.2714222774
2022-12-12 00:00:00+00:00,1607499.4773840585
2022-12-13 00:00:00+00:00,1619207.7349272652
2022-12-14 00:00:00+00:00,1672402.0917324233
2022-12-15 00:00:00+00:00,1674193.194543507
2022-12-16 00:00:00+00:00,1631878.9094220654
2022-12-17 00:00:00+00:00,1561455.7830026604
2022-12-18 00:00:00+00:00,1575572.6173065824
2022-12-19 00:00:00+00:00,1572124.4708708145
2022-12-20 00:00:00+00:00,1544078.6937505845
2022-12-21 00:00:00+00:00,1587887.3073436592
2022-12-22 00:00:00+00:00,1581109.4814384137
2022-12-23 00:00:00+00:00,1580977.8613709162
2022-12-24 00:00:00+00:00,1577154.6864184567
2022-12-25 00:00:00+00:00,1582391.8749847205
2022-12-26 00:00:00+00:00,1581955.3131143153
2022-12-27 00:00:00+00:00,1590303.537651537
2022-12-28 00:00:00+00:00,1570302.2426466842
2022-12-29 00:00:00+00:00,1554898.9216799827
2022-12-30 00:00:00+00:00,1563176.2760865588
2022-12-31 00:00:00+00:00,1560845.5640587618
2023-01-01 00:00:00+00:00,1554768.3301836892
2023-01-02 00:00:00+00:00,1561707.203432697
2023-01-03 00:00:00+00:00,1567373.6773290837
2023-01-04 00:00:00+00:00,1567654.9865015124
2023-01-05 00:00:00+00:00,1585419.530056696
2023-01-06 00:00:00+00:00,1583411.429136416
2023-01-07 00:00:00+00:00,1595005.1690542449
2023-01-08 00:00:00+00:00,1594214.6116582793
2023-01-09 00:00:00+00:00,1612207.7542170193
2023-01-10 00:00:00+00:00,1618050.0797936623
2023-01-11 00:00:00+00:00,1642481.305610372
2023-01-12 00:00:00+00:00,1690415.2125383862
2023-01-13 00:00:00+00:00,1773659.776643077
2023-01-14 00:00:00+00:00,1873636.3651316469
2023-01-15 00:00:00+00:00,1970936.018607617
2023-01-16 00:00:00+00:00,1963586.196765095
2023-01-17 00:00:00+00:00,1992969.5106215712
2023-01-18 00:00:00+00:00,1987776.912177098
2023-01-19 00:00:00+00:00,1943836.072896742
2023-01-20 00:00:00+00:00,1981341.312310298
2023-01-21 00:00:00+00:00,2130869.804940468
2023-01-22 00:00:00+00:00,2140112.0399355222
2023-01-23 00:00:00+00:00,2133162.660881666
2023-01-24 00:00:00+00:00,2152308.360599136
2023-01-25 00:00:00+00:00,2123695.455992622
2023-01-26 00:00:00+00:00,2164923.9032597435
2023-01-27 00:00:00+00:00,2159799.6188763236
2023-01-28 00:00:00+00:00,2165627.060975751
2023-01-29 00:00:00+00:00,2159924.258758914
2023-01-30 00:00:00+00:00,2228401.326075116
2023-01-31 00:00:00+00:00,2141840.8266030764
2023-02-01 00:00:00+00:00,2169860.6597591657
2023-02-02 00:00:00+00:00,2227404.2745959586
2023-02-03 00:00:00+00:00,2201575.440723711
2023-02-04 00:00:00+00:00,2201069.4661679915
2023-02-05 00:00:00+00:00,2191443.6596386684
2023-02-06 00:00:00+00:00,2154132.2523630927
2023-02-07 00:00:00+00:00,2137997.841522349
2023-02-08 00:00:00+00:00,2183777.639437251
2023-02-09 00:00:00+00:00,2157659.7031328557
2023-02-10 00:00:00+00:00,2047154.1314373957
2023-02-11 00:00:00+00:00,2030505.2404995265
2023-02-12 00:00:00+00:00,2053040.1231949276
2023-02-13 00:00:00+00:00,2045012.6327637262
2023-02-14 00:00:00+00:00,2043527.2307980335
2023-02-15 00:00:00+00:00,2084227.4264832567
2023-02-16 00:00:00+00:00,2282487.920586977
2023-02-17 00:00:00+00:00,2207409.4041598076
2023-02-18 00:00:00+00:00,2305502.318624465
2023-02-19 00:00:00+00:00,2311165.8109143213
2023-02-20 00:00:00+00:00,2277808.4887666507
2023-02-21 00:00:00+00:00,2330715.225517412
2023-02-22 00:00:00+00:00,2293416.687760213
2023-02-23 00:00:00+00:00,2268331.256154187
2023-02-24 00:00:00+00:00,2246459.1564500784
2023-02-25 00:00:00+00:00,2175910.0018983074
2023-02-26 00:00:00+00:00,2172908.1730792536
2023-02-27 00:00:00+00:00,2210975.384650975
2023-02-28 00:00:00+00:00,2204792.3257644186
2023-03-01 00:00:00+00:00,2171865.7796046543
2023-03-02 00:00:00+00:00,2218381.1195342643
2023-03-03 00:00:00+00:00,2202973.7518164967
2023-03-04 00:00:00+00:00,2098623.053154514
2023-03-05 00:00:00+00:00,2097686.8519972214
2023-03-06 00:00:00+00:00,2105336.3592484132
2023-03-07 00:00:00+00:00,2103420.3622216396
2023-03-08 00:00:00+00:00,2083977.3221070385
2023-03-09 00:00:00+00:00,2037837.4010088576
2023-03-10 00:00:00+00:00,1911941.631326933
2023-03-11 00:00:00+00:00,1892236.4372759447
2023-03-12 00:00:00+00:00,1921605.4220135012
2023-03-13 00:00:00+00:00,2065753.866315982
2023-03-14 00:00:00+00:00,2262808.088048044
2023-03-15 00:00:00+00:00,2314555.8716122243
2023-03-16 00:00:00+00:00,2277364.824317448
2023-03-17 00:00:00+00:00,2343824.5903649847
2023-03-18 00:00:00+00:00,2566325.658948395
2023-03-19 00:00:00+00:00,2520982.4878169117
2023-03-20 00:00:00+00:00,2618909.286577016
2023-03-21 00:00:00+00:00,2593908.5872082207
2023-03-22 00:00:00+00:00,2631656.1166163543
2023-03-23 00:00:00+00:00,2551373.324179962
2023-03-24 00:00:00+00:00,2649588.471780748
2023-03-25 00:00:00+00:00,2570530.122866978
2023-03-26 00:00:00+00:00,2571012.694353607
2023-03-27 00:00:00+00:00,2618311.2859420455
2023-03-28 00:00:00+00:00,2539066.2849184363
2023-03-29 00:00:00+00:00,2553654.56230097
2023-03-30 00:00:00+00:00,2653478.700133278
2023-03-31 00:00:00+00:00,2624299.4723879714
2023-04-01 00:00:00+00:00,2665139.228864157
2023-04-02 00:00:00+00:00,2663959.80726474
2023-04-03 00:00:00+00:00,2637404.0016338457
2023-04-04 00:00:00+00:00,2604007.5522764386
2023-04-05 00:00:00+00:00,2639484.738251952
2023-04-06 00:00:00+00:00,2641312.222788366
2023-04-07 00:00:00+00:00,2627558.254447735
2023-04-08 00:00:00+00:00,2615591.2432924933
2023-04-09 00:00:00+00:00,2617966.7040503393
2023-04-10 00:00:00+00:00,2653493.7123313732
2023-04-11 00:00:00+00:00,2775166.0007831533
2023-04-12 00:00:00+00:00,2825840.7212946094
2023-04-13 00:00:00+00:00,2798306.1636940525
2023-04-14 00:00:00+00:00,2846175.039914135
2023-04-15 00:00:00+00:00,2857783.5843786965
2023-04-16 00:00:00+00:00,2841842.3527795635
2023-04-17 00:00:00+00:00,2843982.084443468
2023-04-18 00:00:00+00:00,2762577.6063264767
2023-04-19 00:00:00+00:00,2850271.652732762
2023-04-20 00:00:00+00:00,2699477.048108582
2023-04-21 00:00:00+00:00,2649285.9148201267
2023-04-22 00:00:00+00:00,2556493.835577826
2023-04-23 00:00:00+00:00,2608073.5951341325
2023-04-24 00:00:00+00:00,2586984.7351478525
2023-04-25 00:00:00+00:00,2579029.602942732
2023-04-26 00:00:00+00:00,2652027.276666473
2023-04-27 00:00:00+00:00,2662295.306065019
2023-04-28 00:00:00+00:00,2760230.6476577907
2023-04-29 00:00:00+00:00,2744834.133257567
2023-04-30 00:00:00+00:00,2738020.297210974
2023-05-01 00:00:00+00:00,2737099.8011120246
2023-05-02 00:00:00+00:00,2629389.429926251
2023-05-03 00:00:00+00:00,2685545.610549049
2023-05-04 00:00:00+00:00,2719347.9600325725
2023-05-05 00:00:00+00:00,2701153.217704466
2023-05-06 00:00:00+00:00,2766154.746354797
2023-05-07 00:00:00+00:00,2702673.689505565
2023-05-08 00:00:00+00:00,2663631.137718657
2023-05-09 00:00:00+00:00,2593248.4051948674
2023-05-10 00:00:00+00:00,2589520.478755984
2023-05-11 00:00:00+00:00,2586674.9924837374
2023-05-12 00:00:00+00:00,2527462.7248809678
2023-05-13 00:00:00+00:00,2512153.347946932
2023-05-14 00:00:00+00:00,2509931.44442256
2023-05-15 00:00:00+00:00,2523106.272226623
2023-05-16 00:00:00+00:00,2546055.595995318
2023-05-17 00:00:00+00:00,2534659.4001705567
2023-05-18 00:00:00+00:00,2568546.3147994154
2023-05-19 00:00:00+00:00,2514414.364171164
2023-05-20 00:00:00+00:00,2520219.1436513113
2023-05-21 00:00:00+00:00,2540745.207025122
2023-05-22 00:00:00+00:00,2507833.6427475065
2023-05-23 00:00:00+00:00,2517631.4895408945
2023-05-24 00:00:00+00:00,2552702.058194299
2023-05-25 00:00:00+00:00,2469419.6416967767
2023-05-26 00:00:00+00:00,2482801.8411966073
2023-05-27 00:00:00+00:00,2504793.254194676
2023-05-28 00:00:00+00:00,2518426.3653596
2023-05-29 00:00:00+00:00,2631715.749540071
2023-05-30 00:00:00+00:00,2601151.413476241
2023-05-31 00:00:00+00:00,2597637.2062669196
2023-06-01 00:00:00+00:00,2552467.025253346
2023-06-02 00:00:00+00:00,2516349.1332273674
2023-06-03 00:00:00+00:00,2556764.253478736
2023-06-04 00:00:00+00:00,2540435.8106997977
2023-06-05 00:00:00+00:00,2544494.5027711685
2023-06-06 00:00:00+00:00,2414776.778906574
2023-06-07 00:00:00+00:00,2554266.867212318
2023-06-08 00:00:00+00:00,2470852.581830491
2023-06-09 00:00:00+00:00,2485898.5777434395
2023-06-10 00:00:00+00:00,2483763.5738541624
2023-06-11 00:00:00+00:00,2421864.9248927766
2023-06-12 00:00:00+00:00,2429526.674859144
2023-06-13 00:00:00+00:00,2427214.0707043316
2023-06-14 00:00:00+00:00,2429833.3465962815
2023-06-15 00:00:00+00:00,2353104.139759899
2023-06-16 00:00:00+00:00,2396414.580907252
2023-06-17 00:00:00+00:00,2466313.8662675302
2023-06-18 00:00:00+00:00,2482425.2890333366
2023-06-19 00:00:00+00:00,2466063.3715107488
2023-06-20 00:00:00+00:00,2512526.085696767
2023-06-21 00:00:00+00:00,2647786.8344561043
2023-06-22 00:00:00+00:00,2804867.457032553
2023-06-23 00:00:00+00:00,2794169.1381216506
2023-06-24 00:00:00+00:00,2868132.71885505
2023-06-25 00:00:00+00:00,2852652.236166294
2023-06-26 00:00:00+00:00,2847778.0613628863
2023-06-27 00:00:00+00:00,2828439.8245981354
2023-06-28 00:00:00+00:00,2868252.616755774
2023-06-29 00:00:00+00:00,2809744.736817559
2023-06-30 00:00:00+00:00,2844397.874256659
2023-07-01 00:00:00+00:00,2850288.023013873
2023-07-02 00:00:00+00:00,2860342.8073280873
2023-07-03 00:00:00+00:00,2863780.058962217
2023-07-04 00:00:00+00:00,2913369.178700732
2023-07-05 00:00:00+00:00,2877126.0080189183
2023-07-06 00:00:00+00:00,2852217.6761802346
2023-07-07 00:00:00+00:00,2794071.0622146474
2023-07-08 00:00:00+00:00,2835993.590701739
2023-07-09 00:00:00+00:00,2830325.3613605145
2023-07-10 00:00:00+00:00,2818896.3866040553
2023-07-11 00:00:00+00:00,2842595.5260743117
2023-07-12 00:00:00+00:00,2861678.7877796437
2023-07-13 00:00:00+00:00,2839366.3138296464
2023-07-14 00:00:00+00:00,2942661.6242131838
2023-07-15 00:00:00+00:00,2836092.5836206083
2023-07-16 00:00:00+00:00,2833839.862249691
2023-07-17 00:00:00+00:00,2828041.8771055015
2023-07-18 00:00:00+00:00,2819079.9711653064
2023-07-19 00:00:00+00:00,2793090.6699760677
2023-07-20 00:00:00+00:00,2797307.5220034197
2023-07-21 00:00:00+00:00,2787563.3442112845
2023-07-22 00:00:00+00:00,2796842.819364973
2023-07-23 00:00:00+00:00,2785929.879251685
2023-07-24 00:00:00+00:00,2813174.610698717
2023-07-25 00:00:00+00:00,2729125.1273036003
2023-07-26 00:00:00+00:00,2734174.0173541806
2023-07-27 00:00:00+00:00,2746002.438075856
2023-07-28 00:00:00+00:00,2733871.0622720346
2023-07-29 00:00:00+00:00,2742721.6904018074
2023-07-30 00:00:00+00:00,2746552.8737845835
2023-07-31 00:00:00+00:00,2739236.279679044
2023-08-01 00:00:00+00:00,2734490.521824192
2023-08-02 00:00:00+00:00,2778272.525648575
2023-08-03 00:00:00+00:00,2729473.843301676
2023-08-04 00:00:00+00:00,2729894.0251959013
2023-08-05 00:00:00+00:00,2722451.6603637305
2023-08-06 00:00:00+00:00,2718996.2414415865
2023-08-07 00:00:00+00:00,2720193.399560474
2023-08-08 00:00:00+00:00,2731197.7272584415
2023-08-09 00:00:00+00:00,2783116.0738245477
2023-08-10 00:00:00+00:00,2766024.1079981034
2023-08-11 00:00:00+00:00,2754420.9582322785
2023-08-12 00:00:00+00:00,2751532.149805641
2023-08-13 00:00:00+00:00,2751971.4211492618
2023-08-14 00:00:00+00:00,2740090.2770088087
2023-08-15 00:00:00+00:00,2751820.7536568376
2023-08-16 00:00:00+00:00,2730034.223920915
2023-08-17 00:00:00+00:00,2686422.087991305
2023-08-18 00:00:00+00:00,2489691.8355410416
2023-08-19 00:00:00+00:00,2437257.67382698
2023-08-20 00:00:00+00:00,2441816.764946587
2023-08-21 00:00:00+00:00,2450674.7935747136
2023-08-22 00:00:00+00:00,2444045.17981206
2023-08-23 00:00:00+00:00,2436107.7209569737
2023-08-24 00:00:00+00:00,2472361.0902199293
2023-08-25 00:00:00+00:00,2448697.155706688
2023-08-26 00:00:00+00:00,2437486.532014086
2023-08-27 00:00:00+00:00,2433280.887951335
2023-08-28 00:00:00+00:00,2441485.736640378
2023-08-29 00:00:00+00:00,2442901.490137787
2023-08-30 00:00:00+00:00,2590941.7943540043
2023-08-31 00:00:00+00:00,2552088.0499561196
2023-09-01 00:00:00+00:00,2426277.789998455
2023-09-02 00:00:00+00:00,2412975.628198356
2023-09-03 00:00:00+00:00,2419291.9644975765
2023-09-04 00:00:00+00:00,2428268.7524443436
2023-09-05 00:00:00+00:00,2415002.0397868413
2023-09-06 00:00:00+00:00,2412225.1137215467
2023-09-07 00:00:00+00:00,2409273.0047724308
2023-09-08 00:00:00+00:00,2454454.4520739373
2023-09-09 00:00:00+00:00,2422893.387743693
2023-09-10 00:00:00+00:00,2422026.2568641244
2023-09-11 00:00:00+00:00,2415380.5970950834
2023-09-12 00:00:00+00:00,2350402.0286458703
2023-09-13 00:00:00+00:00,2413596.785994837
2023-09-14 00:00:00+00:00,2448691.699792694
2023-09-15 00:00:00+00:00,2476733.160828502
2023-09-16 00:00:00+00:00,2484704.5550523307
2023-09-17 00:00:00+00:00,2480708.893609761
2023-09-18 00:00:00+00:00,2477081.693943484
2023-09-19 00:00:00+00:00,2499006.4058298366
2023-09-20 00:00:00+00:00,2539428.310337483
2023-09-21 00:00:00+00:00,2530394.2344645127
2023-09-22 00:00:00+00:00,2478152.8553471877
2023-09-23 00:00:00+00:00,2479826.8585528964
2023-09-24 00:00:00+00:00,2479493.7820014055
2023-09-25 00:00:00+00:00,2449338.657727157
2023-09-26 00:00:00+00:00,2454931.8258666983
2023-09-27 00:00:00+00:00,2447930.5692658653
2023-09-28 00:00:00+00:00,2461693.244663411
2023-09-29 00:00:00+00:00,2523173.225135054
2023-09-30 00:00:00+00:00,2513882.717649823
2023-10-01 00:00:00+00:00,2519091.9593664673
2023-10-02 00:00:00+00:00,2615181.3565274687
2023-10-03 00:00:00+00:00,2566117.801090499
2023-10-04 00:00:00+00:00,2559635.0733981724
2023-10-05 00:00:00+00:00,2590425.9994149935
2023-10-06 00:00:00+00:00,2555332.6126732794
2023-10-07 00:00:00+00:00,2604003.2472119727
2023-10-08 00:00:00+00:00,2605520.9091473534
2023-10-09 00:00:00+00:00,2601903.439266365
2023-10-10 00:00:00+00:00,2569195.9016893883
2023-10-11 00:00:00+00:00,2550669.5671711946
2023-10-12 00:00:00+00:00,2504565.5389728686
2023-10-13 00:00:00+00:00,2492464.243369638
2023-10-14 00:00:00+00:00,2502435.708900469
2023-10-15 00:00:00+00:00,2501779.453116813
2023-10-16 00:00:00+00:00,2528980.3183879554
2023-10-17 00:00:00+00:00,2652009.7615087116
2023-10-18 00:00:00+00:00,2640389.246998342
2023-10-19 00:00:00+00:00,2633420.6136306343
2023-10-20 00:00:00+00:00,2668910.9062562995
2023-10-21 00:00:00+00:00,2756606.399387314
2023-10-22 00:00:00+00:00,2779852.0610084203
2023-10-23 00:00:00+00:00,2789573.9422397423
2023-10-24 00:00:00+00:00,3071131.5758180665
2023-10-25 00:00:00+00:00,3148157.2972031333
2023-10-26 00:00:00+00:00,3199620.6284209574
2023-10-27 00:00:00+00:00,3169874.754036043
2023-10-28 00:00:00+00:00,3145159.679571695
2023-10-29 00:00:00+00:00,3161913.0234108926
2023-10-30 00:00:00+00:00,3202936.711272119
2023-10-31 00:00:00+00:00,3199317.8759635915
2023-11-01 00:00:00+00:00,3214407.322499421
2023-11-02 00:00:00+00:00,3286421.701508881
2023-11-03 00:00:00+00:00,3240851.09072274
2023-11-04 00:00:00+00:00,3222657.467273449
2023-11-05 00:00:00+00:00,3255216.0556344194
2023-11-06 00:00:00+00:00,3253172.080821872
2023-11-07 00:00:00+00:00,3257398.87462037
2023-11-08 00:00:00+00:00,3287601.479333576
2023-11-09 00:00:00+00:00,3307926.9128078227
2023-11-10 00:00:00+00:00,3418631.656609144
2023-11-11 00:00:00+00:00,3469931.4180881716
2023-11-12 00:00:00+00:00,3453165.4674725896
2023-11-13 00:00:00+00:00,3446684.199928759
2023-11-14 00:00:00+00:00,3393008.0451315893
2023-11-15 00:00:00+00:00,3307243.3364988966
2023-11-16 00:00:00+00:00,3518853.9167694086
2023-11-17 00:00:00+00:00,3360943.0456947144
2023-11-18 00:00:00+00:00,3401148.71200218
2023-11-19 00:00:00+00:00,3397152.9118365534
2023-11-20 00:00:00+00:00,3471041.238295742
2023-11-21 00:00:00+00:00,3479583.6618593275
2023-11-22 00:00:00+00:00,3320563.9128660616
2023-11-23 00:00:00+00:00,3478053.120923821
2023-11-24 00:00:00+00:00,3467725.4356093304
2023-11-25 00:00:00+00:00,3506339.5354189654
2023-11-26 00:00:00+00:00,3512620.121402697
2023-11-27 00:00:00+00:00,3481423.527331313
2023-11-28 00:00:00+00:00,3460728.710673826
2023-11-29 00:00:00+00:00,3513626.6938158744
2023-11-30 00:00:00+00:00,3515604.6125856056
2023-12-01 00:00:00+00:00,3505388.7787664556
2023-12-02 00:00:00+00:00,3593182.981895403
2023-12-03 00:00:00+00:00,3666752.2869179104
2023-12-04 00:00:00+00:00,3714990.514894102
2023-12-05 00:00:00+00:00,3898344.7502267538
2023-12-06 00:00:00+00:00,4078272.113036793
2023-12-07 00:00:00+00:00,4055584.785119775
2023-12-08 00:00:00+00:00,4020054.890578753
2023-12-09 00:00:00+00:00,4101102.473218094
2023-12-10 00:00:00+00:00,4058919.6643356737
2023-12-11 00:00:00+00:00,4066761.677723637
2023-12-12 00:00:00+00:00,3832532.998569703
2023-12-13 00:00:00+00:00,3852691.7721736482
2023-12-14 00:00:00+00:00,3979066.504675344
2023-12-15 00:00:00+00:00,3996454.4780839765
2023-12-16 00:00:00+00:00,3893532.640386775
2023-12-17 00:00:00+00:00,3924307.8193507055
2023-12-18 00:00:00+00:00,3841327.7684789966
2023-12-19 00:00:00+00:00,3957460.930997215
2023-12-20 00:00:00+00:00,3921078.3932126574
2023-12-21 00:00:00+00:00,4047538.4065293474
2023-12-22 00:00:00+00:00,4068106.225276267
2023-12-23 00:00:00+00:00,4083178.191127207
2023-12-24 00:00:00+00:00,4058820.7939404375
2023-12-25 00:00:00+00:00,3992611.1212082747
2023-12-26 00:00:00+00:00,4045684.5803581635
2023-12-27 00:00:00+00:00,3948617.4458649047
2023-12-28 00:00:00+00:00,4040639.835382984
2023-12-29 00:00:00+00:00,3961013.496688068
2023-12-30 00:00:00+00:00,3913696.2790588792
2023-12-31 00:00:00+00:00,3919675.942730676
2024-01-01 00:00:00+00:00,3931632.0578265614
2024-01-02 00:00:00+00:00,4105382.302335975
2024-01-03 00:00:00+00:00,4173475.341088085
2024-01-04 00:00:00+00:00,3975962.7010423327
2024-01-05 00:00:00+00:00,4096593.5934785022
2024-01-06 00:00:00+00:00,4095887.9558133404
2024-01-07 00:00:00+00:00,4077413.1776874904
2024-01-08 00:00:00+00:00,4072112.9053556914
2024-01-09 00:00:00+00:00,4348827.578405125
2024-01-10 00:00:00+00:00,4274609.501438901
2024-01-11 00:00:00+00:00,4338791.215132995
2024-01-12 00:00:00+00:00,4312894.741023432
2024-01-13 00:00:00+00:00,3989181.5654528965
2024-01-14 00:00:00+00:00,3998924.570534494
2024-01-15 00:00:00+00:00,3892538.919678519
2024-01-16 00:00:00+00:00,3965140.155988148
2024-01-17 00:00:00+00:00,4025925.4040741473
2024-01-18 00:00:00+00:00,3990539.1866763514
2024-01-19 00:00:00+00:00,3857012.6176732946
2024-01-20 00:00:00+00:00,3887844.9779642066
2024-01-21 00:00:00+00:00,3889897.7516298643
2024-01-22 00:00:00+00:00,3878600.7672164347
2024-01-23 00:00:00+00:00,3689231.8894276093
2024-01-24 00:00:00+00:00,3713680.7511774343
2024-01-25 00:00:00+00:00,3729908.9984198217
2024-01-26 00:00:00+00:00,3717638.4027778897
2024-01-27 00:00:00+00:00,3887489.958516762
2024-01-28 00:00:00+00:00,3914273.6961378586
2024-01-29 00:00:00+00:00,3905626.666863471
2024-01-30 00:00:00+00:00,4023296.2957811835
2024-01-31 00:00:00+00:00,3992555.411439931
2024-02-01 00:00:00+00:00,3956034.9694090085
2024-02-02 00:00:00+00:00,4002226.4582403875
2024-02-03 00:00:00+00:00,4013218.237573777
2024-02-04 00:00:00+00:00,3995387.90721699
2024-02-05 00:00:00+00:00,3956726.9382598205
2024-02-06 00:00:00+00:00,3968670.9824017333
2024-02-07 00:00:00+00:00,4008003.8762491816
2024-02-08 00:00:00+00:00,4123196.224948027
2024-02-09 00:00:00+00:00,4206957.181946456
2024-02-10 00:00:00+00:00,4375975.717380002
2024-02-11 00:00:00+00:00,4432038.813190152
2024-02-12 00:00:00+00:00,4481232.11552297
2024-02-13 00:00:00+00:00,4635598.5458316915
2024-02-14 00:00:00+00:00,4614746.458102157
2024-02-15 00:00:00+00:00,4810650.738020126
2024-02-16 00:00:00+00:00,4821854.356675234
2024-02-17 00:00:00+00:00,4842224.465969368
2024-02-18 00:00:00+00:00,4798034.114680814
2024-02-19 00:00:00+00:00,4848307.833514989
2024-02-20 00:00:00+00:00,4820091.553177931
2024-02-21 00:00:00+00:00,4867471.768959772
2024-02-22 00:00:00+00:00,4828562.846582754
2024-02-23 00:00:00+00:00,4778671.381161424
2024-02-24 00:00:00+00:00,4726721.473218729
2024-02-25 00:00:00+00:00,4805084.173897961
2024-02-26 00:00:00+00:00,4827296.910468309
2024-02-27 00:00:00+00:00,5076855.473334146
2024-02-28 00:00:00+00:00,5308847.924567972
2024-02-29 00:00:00+00:00,5799433.897844558
2024-03-01 00:00:00+00:00,5680578.081836356
2024-03-02 00:00:00+00:00,5799046.44659677
2024-03-03 00:00:00+00:00,5762836.189024211
2024-03-04 00:00:00+00:00,5867497.912374731
2024-03-05 00:00:00+00:00,6333749.627797878
2024-03-06 00:00:00+00:00,5924916.53872918
2024-03-07 00:00:00+00:00,6152845.205758298
2024-03-08 00:00:00+00:00,6225130.0103100715
2024-03-09 00:00:00+00:00,6342357.19063432
2024-03-10 00:00:00+00:00,6360772.272592004
2024-03-11 00:00:00+00:00,6417709.4726946475
2024-03-12 00:00:00+00:00,6707914.858967574
2024-03-13 00:00:00+00:00,6647543.540537243
2024-03-14 00:00:00+00:00,6797387.05665406
2024-03-15 00:00:00+00:00,6639276.746566921
2024-03-16 00:00:00+00:00,6463551.542604075
2024-03-17 00:00:00+00:00,6073236.701843699
2024-03-18 00:00:00+00:00,6357509.373069407
2024-03-19 00:00:00+00:00,6278873.369688194
2024-03-20 00:00:00+00:00,5747226.81577142
2024-03-21 00:00:00+00:00,6298919.706346387
2024-03-22 00:00:00+00:00,6088233.851775838
2024-03-23 00:00:00+00:00,5926160.101292383
2024-03-24 00:00:00+00:00,5942744.899987045
2024-03-25 00:00:00+00:00,6238765.602466326
2024-03-26 00:00:00+00:00,6486258.301740299
2024-03-27 00:00:00+00:00,6495499.875626444
2024-03-28 00:00:00+00:00,6443334.405937617
2024-03-29 00:00:00+00:00,6564357.822845928
2024-03-30 00:00:00+00:00,6479386.37975745
2024-03-31 00:00:00+00:00,6454894.809851601
2024-04-01 00:00:00+00:00,6615731.337303989
2024-04-02 00:00:00+00:00,6459660.622014043
2024-04-03 00:00:00+00:00,6070913.5003160015
2024-04-04 00:00:00+00:00,6117942.070567642
2024-04-05 00:00:00+00:00,6344562.1116379155
2024-04-06 00:00:00+00:00,6283710.770021477
2024-04-07 00:00:00+00:00,6382201.214710745
2024-04-08 00:00:00+00:00,6430198.958549028
2024-04-09 00:00:00+00:00,6647056.093419766
2024-04-10 00:00:00+00:00,6413886.467405247
2024-04-11 00:00:00+00:00,6549741.204554958
2024-04-12 00:00:00+00:00,6491044.010203975
2024-04-13 00:00:00+00:00,6215011.390648616
2024-04-14 00:00:00+00:00,5913455.237996021
2024-04-15 00:00:00+00:00,6078985.058160504
2024-04-16 00:00:00+00:00,5874078.078475818
2024-04-17 00:00:00+00:00,5906155.57289045
2024-04-18 00:00:00+00:00,5675392.559288675
2024-04-19 00:00:00+00:00,5876937.136118302
2024-04-20 00:00:00+00:00,5907499.788482271
2024-04-21 00:00:00+00:00,6015097.120769653
2024-04-22 00:00:00+00:00,6014776.919167155
2024-04-23 00:00:00+00:00,6186768.925139349
2024-04-24 00:00:00+00:00,6151861.044247466
2024-04-25 00:00:00+00:00,5957322.652201667
2024-04-26 00:00:00+00:00,5976855.915500498
2024-04-27 00:00:00+00:00,5909537.189160028
2024-04-28 00:00:00+00:00,5890205.38222846
2024-04-29 00:00:00+00:00,5860093.656067363
2024-04-30 00:00:00+00:00,5923331.242202717
2024-05-01 00:00:00+00:00,5624713.774211128
2024-05-02 00:00:00+00:00,5416537.789874254
2024-05-03 00:00:00+00:00,5479481.725093571
2024-05-04 00:00:00+00:00,5828637.643994439
2024-05-05 00:00:00+00:00,5919586.05931232
2024-05-06 00:00:00+00:00,5931718.23564136
2024-05-07 00:00:00+00:00,5851089.172224874
2024-05-08 00:00:00+00:00,5771416.2774680555
2024-05-09 00:00:00+00:00,5669874.939031166
2024-05-10 00:00:00+00:00,5842250.052008779
2024-05-11 00:00:00+00:00,5630806.667250059
2024-05-12 00:00:00+00:00,5633480.356562319
2024-05-13 00:00:00+00:00,5693119.759445227
2024-05-14 00:00:00+00:00,5824224.140137044
2024-05-15 00:00:00+00:00,5697239.514072602
2024-05-16 00:00:00+00:00,6120551.814683724
2024-05-17 00:00:00+00:00,6028033.029856221
2024-05-18 00:00:00+00:00,6197885.357760684
2024-05-19 00:00:00+00:00,6191119.940350918
2024-05-20 00:00:00+00:00,6129519.863155264
2024-05-21 00:00:00+00:00,6630054.881202908
2024-05-22 00:00:00+00:00,6522969.111595506
2024-05-23 00:00:00+00:00,6432040.231928549
2024-05-24 00:00:00+00:00,6327627.248499112
2024-05-25 00:00:00+00:00,6375296.962038189
2024-05-26 00:00:00+00:00,6442715.468688776
2024-05-27 00:00:00+00:00,6377667.164575216
2024-05-28 00:00:00+00:00,6465294.814657288
2024-05-29 00:00:00+00:00,6369489.541401004
2024-05-30 00:00:00+00:00,6297838.857665163
2024-05-31 00:00:00+00:00,6358938.477795492
2024-06-01 00:00:00+00:00,6287413.925824439
2024-06-02 00:00:00+00:00,6311411.207242019
2024-06-03 00:00:00+00:00,6308828.65350776
2024-06-04 00:00:00+00:00,6401791.91611626
2024-06-05 00:00:00+00:00,6560955.499207344
2024-06-06 00:00:00+00:00,6615932.41658993
2024-06-07 00:00:00+00:00,6585231.079277113
2024-06-08 00:00:00+00:00,6446536.4890027465
2024-06-09 00:00:00+00:00,6442413.088263223
2024-06-10 00:00:00+00:00,6474007.01238091
2024-06-11 00:00:00+00:00,6459958.698310434
2024-06-12 00:00:00+00:00,6249333.919070357
2024-06-13 00:00:00+00:00,6338899.429182626
2024-06-14 00:00:00+00:00,6199031.91191705
2024-06-15 00:00:00+00:00,6134817.652891782
2024-06-16 00:00:00+00:00,6157202.181427828
2024-06-17 00:00:00+00:00,6201166.918069656
2024-06-18 00:00:00+00:00,6177638.618874724
2024-06-19 00:00:00+00:00,6056583.536937016
2024-06-20 00:00:00+00:00,6044049.566844767
2024-06-21 00:00:00+00:00,6031201.996062587
2024-06-22 00:00:00+00:00,5966942.811105638
2024-06-23 00:00:00+00:00,5976071.953485553
2024-06-24 00:00:00+00:00,5876773.023975114
2024-06-25 00:00:00+00:00,5612577.661475208
2024-06-26 00:00:00+00:00,5750551.45230494
2024-06-27 00:00:00+00:00,5665114.621596162
2024-06-28 00:00:00+00:00,5746215.412603597
2024-06-29 00:00:00+00:00,5626796.112863089
2024-06-30 00:00:00+00:00,5676554.187763444
2024-07-01 00:00:00+00:00,5840096.305753172
2024-07-02 00:00:00+00:00,5851535.354375648
2024-07-03 00:00:00+00:00,5782628.031550976
2024-07-04 00:00:00+00:00,5601336.965540117
2024-07-05 00:00:00+00:00,5302510.433425994
2024-07-06 00:00:00+00:00,5259621.281866215
2024-07-07 00:00:00+00:00,5409214.761158643
2024-07-08 00:00:00+00:00,5187352.345962042
2024-07-09 00:00:00+00:00,5270480.036920115
2024-07-10 00:00:00+00:00,5392761.905290772
2024-07-11 00:00:00+00:00,5366500.547903121
2024-07-12 00:00:00+00:00,5331699.366787923
2024-07-13 00:00:00+00:00,5383425.069903687
2024-07-14 00:00:00+00:00,5503230.275804959
2024-07-15 00:00:00+00:00,5650328.530013211
2024-07-16 00:00:00+00:00,6017448.125907501
2024-07-17 00:00:00+00:00,6043102.116512837
2024-07-18 00:00:00+00:00,5953761.502842586
2024-07-19 00:00:00+00:00,5947720.063020904
2024-07-20 00:00:00+00:00,6191822.523754338
2024-07-21 00:00:00+00:00,6235719.820720433
2024-07-22 00:00:00+00:00,6329096.575770677
2024-07-23 00:00:00+00:00,6265522.400601925
2024-07-24 00:00:00+00:00,6125794.906386104
2024-07-25 00:00:00+00:00,6066282.891815403
2024-07-26 00:00:00+00:00,6092900.597524754
2024-07-27 00:00:00+00:00,6288008.002215705
2024-07-28 00:00:00+00:00,6285347.476378802
2024-07-29 00:00:00+00:00,6318288.0949288
2024-07-30 00:00:00+00:00,6190593.362073571
2024-07-31 00:00:00+00:00,6135241.495753621
2024-08-01 00:00:00+00:00,5992565.920418762
2024-08-02 00:00:00+00:00,6055671.131052012
2024-08-03 00:00:00+00:00,5695835.006917166
2024-08-04 00:00:00+00:00,5617912.526146785
2024-08-05 00:00:00+00:00,5376677.23454107
2024-08-06 00:00:00+00:00,4988722.668193204
2024-08-07 00:00:00+00:00,5171216.538085385
2024-08-08 00:00:00+00:00,5084058.082175194
2024-08-09 00:00:00+00:00,5691877.436302865
2024-08-10 00:00:00+00:00,5609218.421367433
2024-08-11 00:00:00+00:00,5618948.121696109
2024-08-12 00:00:00+00:00,5417275.495001595
2024-08-13 00:00:00+00:00,5485537.315575441
2024-08-14 00:00:00+00:00,5594816.546987333
2024-08-15 00:00:00+00:00,5422499.4309009835
2024-08-16 00:00:00+00:00,5314590.381409487
2024-08-17 00:00:00+00:00,5434578.488334441
2024-08-18 00:00:00+00:00,5491825.652274412
2024-08-19 00:00:00+00:00,5396629.816598781
2024-08-20 00:00:00+00:00,5489212.175166184
2024-08-21 00:00:00+00:00,5447497.612971616
2024-08-22 00:00:00+00:00,5642043.677076534
2024-08-23 00:00:00+00:00,5572576.199584813
2024-08-24 00:00:00+00:00,5908484.386383786
2024-08-25 00:00:00+00:00,5919551.43308438
2024-08-26 00:00:00+00:00,5923384.007003537
2024-08-27 00:00:00+00:00,5794783.146361406
2024-08-28 00:00:00+00:00,5474675.016514922
2024-08-29 00:00:00+00:00,5443445.507525458
2024-08-30 00:00:00+00:00,5474023.6625758
2024-08-31 00:00:00+00:00,5452880.699859392
2024-09-01 00:00:00+00:00,5438453.095711478
2024-09-02 00:00:00+00:00,5282881.014937829
2024-09-03 00:00:00+00:00,5454015.608299208
2024-09-04 00:00:00+00:00,5299617.434095253
2024-09-05 00:00:00+00:00,5344298.658146855
2024-09-06 00:00:00+00:00,5179067.669650684
2024-09-07 00:00:00+00:00,4971594.737972838
2024-09-08 00:00:00+00:00,4992616.878724751
2024-09-09 00:00:00+00:00,5057795.030196385
2024-09-10 00:00:00+00:00,5256558.502669082
2024-09-11 00:00:00+00:00,5310779.485816853
2024-09-12 00:00:00+00:00,5281304.3684884645
2024-09-13 00:00:00+00:00,5354052.85479005
2024-09-14 00:00:00+00:00,5570299.346453699
2024-09-15 00:00:00+00:00,5523748.647659048
2024-09-16 00:00:00+00:00,5440104.007431433
2024-09-17 00:00:00+00:00,5356448.213555884
2024-09-18 00:00:00+00:00,5546842.530997202
2024-09-19 00:00:00+00:00,5678311.352211754
2024-09-20 00:00:00+00:00,5790700.869208313
2024-09-21 00:00:00+00:00,5819769.194772613
2024-09-22 00:00:00+00:00,5836993.41198624
2024-09-23 00:00:00+00:00,5855132.0738578215
2024-09-24 00:00:00+00:00,5838672.823515667
2024-09-25 00:00:00+00:00,5921720.073641689
2024-09-26 00:00:00+00:00,5817980.82083992
2024-09-27 00:00:00+00:00,6001429.727669592
2024-09-28 00:00:00+00:00,6058995.2527236855
2024-09-29 00:00:00+00:00,6065368.840270707
2024-09-30 00:00:00+00:00,6041352.845282218
2024-10-01 00:00:00+00:00,5834046.815937058
2024-10-02 00:00:00+00:00,5598427.687786681
2024-10-03 00:00:00+00:00,5578667.138768709
2024-10-04 00:00:00+00:00,5586832.461661918
2024-10-05 00:00:00+00:00,5710442.292106288
2024-10-06 00:00:00+00:00,5708129.470167022
2024-10-07 00:00:00+00:00,5778077.362278103
2024-10-08 00:00:00+00:00,5723577.190779154
2024-10-09 00:00:00+00:00,5719509.339578212
2024-10-10 00:00:00+00:00,5578630.664654305
2024-10-11 00:00:00+00:00,5551887.365757661
2024-10-12 00:00:00+00:00,5753161.540360187
2024-10-13 00:00:00+00:00,5815054.800850196
2024-10-14 00:00:00+00:00,5784569.019604501
2024-10-15 00:00:00+00:00,6082282.683273684
2024-10-16 00:00:00+00:00,6169029.737172192
2024-10-17 00:00:00+00:00,6218042.394766474
2024-10-18 00:00:00+00:00,6199615.70835875
2024-10-19 00:00:00+00:00,6292030.361851822
2024-10-20 00:00:00+00:00,6288162.452682189
2024-10-21 00:00:00+00:00,6353436.61200694
2024-10-22 00:00:00+00:00,6200553.605104685
2024-10-23 00:00:00+00:00,6201959.251031105
2024-10-24 00:00:00+00:00,6128032.019057955
2024-10-25 00:00:00+00:00,6265607.747981098
2024-10-26 00:00:00+00:00,6124628.85803387
2024-10-27 00:00:00+00:00,6163008.471039655
2024-10-28 00:00:00+00:00,6247856.270606715
2024-10-29 00:00:00+00:00,6425015.362558906
2024-10-30 00:00:00+00:00,6677012.300972012
2024-10-31 00:00:00+00:00,6642908.286273332
2024-11-01 00:00:00+00:00,6450073.51346446
2024-11-02 00:00:00+00:00,6378434.448296963
2024-11-03 00:00:00+00:00,6366396.567246008
2024-11-04 00:00:00+00:00,6310221.5228298195
2024-11-05 00:00:00+00:00,6223519.878615868
2024-11-06 00:00:00+00:00,6361483.314499137
2024-11-07 00:00:00+00:00,6934964.053621808
2024-11-08 00:00:00+00:00,6972103.805391554
2024-11-09 00:00:00+00:00,7034593.716362155
2024-11-10 00:00:00+00:00,7060743.122486355
2024-11-11 00:00:00+00:00,7394124.661448733
2024-11-12 00:00:00+00:00,8145525.04607535
2024-11-13 00:00:00+00:00,8073911.350677502
2024-11-14 00:00:00+00:00,8286378.486751676
2024-11-15 00:00:00+00:00,8006125.061228331
2024-11-16 00:00:00+00:00,8338907.739097848
2024-11-17 00:00:00+00:00,8301935.959090432
2024-11-18 00:00:00+00:00,8234126.173775009
2024-11-19 00:00:00+00:00,8296814.060836747
2024-11-20 00:00:00+00:00,8454842.121566588
2024-11-21 00:00:00+00:00,8628183.67394366
2024-11-22 00:00:00+00:00,9007111.944255218
2024-11-23 00:00:00+00:00,9057032.747026844
2024-11-24 00:00:00+00:00,8952862.666602526
2024-11-25 00:00:00+00:00,8971233.677380295
2024-11-26 00:00:00+00:00,8537145.364883456
2024-11-27 00:00:00+00:00,8437550.890725218
2024-11-28 00:00:00+00:00,8807255.330111066
2024-11-29 00:00:00+00:00,8783043.888131294
2024-11-30 00:00:00+00:00,8946128.454527311
2024-12-01 00:00:00+00:00,8859114.639093826
2024-12-02 00:00:00+00:00,8928704.824927706
2024-12-03 00:00:00+00:00,8804148.0607786
2024-12-04 00:00:00+00:00,8805915.600243306
2024-12-05 00:00:00+00:00,9063982.956501136
2024-12-06 00:00:00+00:00,8913997.877535677
2024-12-07 00:00:00+00:00,9177135.07989789
2024-12-08 00:00:00+00:00,9185694.927601123
2024-12-09 00:00:00+00:00,9299857.979786096
2024-12-10 00:00:00+00:00,8937036.043472774
2024-12-11 00:00:00+00:00,8870319.342658702
2024-12-12 00:00:00+00:00,9288899.445699623
2024-12-13 00:00:00+00:00,9192044.315629309
2024-12-14 00:00:00+00:00,9320667.690070895
2024-12-15 00:00:00+00:00,9317407.679833382
2024-12-16 00:00:00+00:00,9594704.106622681
2024-12-17 00:00:00+00:00,9738192.158276591
2024-12-18 00:00:00+00:00,9739242.331078133
2024-12-19 00:00:00+00:00,9192018.994626181
2024-12-20 00:00:00+00:00,8933038.696374612
2024-12-21 00:00:00+00:00,8967580.87266266
2024-12-22 00:00:00+00:00,8912284.606881473
2024-12-23 00:00:00+00:00,8720520.624870686
2024-12-24 00:00:00+00:00,8703983.776441798
2024-12-25 00:00:00+00:00,9046063.624721833
2024-12-26 00:00:00+00:00,9114747.758783082
2024-12-27 00:00:00+00:00,8779330.85240227
2024-12-28 00:00:00+00:00,8646019.07967387
2024-12-29 00:00:00+00:00,8741118.155439211
2024-12-30 00:00:00+00:00,8597814.47644181
2024-12-31 00:00:00+00:00,8514171.883464472
2025-01-01 00:00:00+00:00,8582351.554959085
2025-01-02 00:00:00+00:00,8674816.30713226
2025-01-03 00:00:00+00:00,8894850.4489031
2025-01-04 00:00:00+00:00,9011342.359174287
2025-01-05 00:00:00+00:00,9018393.247191237
2025-01-06 00:00:00+00:00,9029567.69688197
2025-01-07 00:00:00+00:00,9378812.942894107
2025-01-08 00:00:00+00:00,8886944.933144853
2025-01-09 00:00:00+00:00,8714354.769616537
2025-01-10 00:00:00+00:00,8482983.359801784
2025-01-11 00:00:00+00:00,8680159.340598352
2025-01-12 00:00:00+00:00,8670037.029969871
2025-01-13 00:00:00+00:00,8664063.931012886
2025-01-14 00:00:00+00:00,8654669.114855118
2025-01-15 00:00:00+00:00,8841277.080217244
2025-01-16 00:00:00+00:00,9207886.601022124
2025-01-17 00:00:00+00:00,9153508.197505707
2025-01-18 00:00:00+00:00,9529431.071437083
2025-01-19 00:00:00+00:00,9563419.920846673
2025-01-20 00:00:00+00:00,9249308.176710023
2025-01-21 00:00:00+00:00,9355397.269812819
2025-01-22 00:00:00+00:00,9705123.986458356
2025-01-23 00:00:00+00:00,9482914.990054036
2025-01-24 00:00:00+00:00,9506680.458129384
2025-01-25 00:00:00+00:00,9590240.544916034
2025-01-26 00:00:00+00:00,9580100.158632537
2025-01-27 00:00:00+00:00,9383721.020519173
2025-01-28 00:00:00+00:00,9332701.340247866
2025-01-29 00:00:00+00:00,9258517.442547854
2025-01-30 00:00:00+00:00,9474830.493602192
2025-01-31 00:00:00+00:00,9572273.859014917
2025-02-01 00:00:00+00:00,9370852.295061927
2025-02-02 00:00:00+00:00,9197400.573838886
2025-02-03 00:00:00+00:00,8918307.609024955
2025-02-04 00:00:00+00:00,9242820.135868367
2025-02-05 00:00:00+00:00,8913970.85937421
2025-02-06 00:00:00+00:00,8814280.19000634
2025-02-07 00:00:00+00:00,8802267.145353574
2025-02-08 00:00:00+00:00,8794200.359562997
2025-02-09 00:00:00+00:00,8790707.016033337
2025-02-10 00:00:00+00:00,8792162.08685328
2025-02-11 00:00:00+00:00,8880912.724761397
2025-02-12 00:00:00+00:00,8730435.86474529
2025-02-13 00:00:00+00:00,8927035.055119598
2025-02-14 00:00:00+00:00,8809642.677802904
2025-02-15 00:00:00+00:00,8892478.77746167
2025-02-16 00:00:00+00:00,8896482.735082544
2025-02-17 00:00:00+00:00,8763780.81037835
2025-02-18 00:00:00+00:00,8739397.414508149
2025-02-19 00:00:00+00:00,8724262.71856114
2025-02-20 00:00:00+00:00,8813927.183798123
2025-02-21 00:00:00+00:00,8963725.30936058
2025-02-22 00:00:00+00:00,8769099.423601136
2025-02-23 00:00:00+00:00,8809131.27691623
2025-02-24 00:00:00+00:00,8786193.72234773
2025-02-25 00:00:00+00:00,8344514.662696385
2025-02-26 00:00:00+00:00,8087844.948632743
2025-02-27 00:00:00+00:00,7682321.953527568
2025-02-28 00:00:00+00:00,7721317.920547742
2025-03-01 00:00:00+00:00,7684927.857767614
2025-03-02 00:00:00+00:00,7836483.5658622645
2025-03-03 00:00:00+00:00,8589368.093483593
2025-03-04 00:00:00+00:00,7845424.137202391
2025-03-05 00:00:00+00:00,7940803.305894009
2025-03-06 00:00:00+00:00,8241935.506737614
2025-03-07 00:00:00+00:00,8179087.872057081
2025-03-08 00:00:00+00:00,7896121.608938617
2025-03-09 00:00:00+00:00,7848475.892819304
2025-03-10 00:00:00+00:00,7345908.651602946
2025-03-11 00:00:00+00:00,7143944.357590135
2025-03-12 00:00:00+00:00,7534933.441204708
2025-03-13 00:00:00+00:00,7601065.982024319
2025-03-14 00:00:00+00:00,7369926.6064714035
2025-03-15 00:00:00+00:00,7629128.461042518
2025-03-16 00:00:00+00:00,7663518.748543082
2025-03-17 00:00:00+00:00,7502091.883666299
2025-03-18 00:00:00+00:00,7633492.896158086
2025-03-19 00:00:00+00:00,7518271.115793544
2025-03-20 00:00:00+00:00,7894653.322814957
2025-03-21 00:00:00+00:00,7656279.8256435525
2025-03-22 00:00:00+00:00,7643227.348106249
2025-03-23 00:00:00+00:00,7621915.453996868
2025-03-24 00:00:00+00:00,7823315.614140909
2025-03-25 00:00:00+00:00,7955209.981101891
2025-03-26 00:00:00+00:00,7944801.783429385
2025-03-27 00:00:00+00:00,7897268.361523046
2025-03-28 00:00:00+00:00,7926242.708819582
2025-03-29 00:00:00+00:00,7668097.814921194
2025-03-30 00:00:00+00:00,7504642.006740569
2025-03-31 00:00:00+00:00,7480259.333646349
2025-04-01 00:00:00+00:00,7495481.621188771
2025-04-02 00:00:00+00:00,7733594.735384977
2025-04-03 00:00:00+00:00,7490236.002374659
2025-04-04 00:00:00+00:00,7553668.617401973
2025-04-05 00:00:00+00:00,7614047.280155269
2025-04-06 00:00:00+00:00,7581707.048533908
2025-04-07 00:00:00+00:00,7110090.176145178
2025-04-08 00:00:00+00:00,7173061.400996286
2025-04-09 00:00:00+00:00,6914638.97648404
2025-04-10 00:00:00+00:00,7489746.283089832
2025-04-11 00:00:00+00:00,7211463.262901375
2025-04-12 00:00:00+00:00,7554836.574081968
2025-04-13 00:00:00+00:00,7725976.262908533
2025-04-14 00:00:00+00:00,7587082.957879804
2025-04-15 00:00:00+00:00,7662912.554086565
2025-04-16 00:00:00+00:00,7575827.839382672
2025-04-17 00:00:00+00:00,7609733.468746743
2025-04-18 00:00:00+00:00,7692219.30060047
2025-04-19 00:00:00+00:00,7650467.2410008805
2025-04-20 00:00:00+00:00,7706076.873063558
2025-04-21 00:00:00+00:00,7713339.915673517
2025-04-22 00:00:00+00:00,7920813.499045129
2025-04-23 00:00:00+00:00,8461688.729450108
2025-04-24 00:00:00+00:00,8486237.748080498
2025-04-25 00:00:00+00:00,8510228.257344434
2025-04-26 00:00:00+00:00,8569728.396676952
2025-04-27 00:00:00+00:00,8571413.07185783
2025-04-28 00:00:00+00:00,8490983.313979838
2025-04-29 00:00:00+00:00,8603937.127782095
2025-04-30 00:00:00+00:00,8536174.348976584
2025-05-01 00:00:00+00:00,8528582.348902652
2025-05-02 00:00:00+00:00,8738170.864670014
2025-05-03 00:00:00+00:00,8773657.23627127
2025-05-04 00:00:00+00:00,8681204.090958385
2025-05-05 00:00:00+00:00,8538491.425042186
2025-05-06 00:00:00+00:00,8580261.590244893
2025-05-07 00:00:00+00:00,8767182.594523348
2025-05-08 00:00:00+00:00,8784233.313495586
2025-05-09 00:00:00+00:00,9367982.052156575
2025-05-10 00:00:00+00:00,9353314.192086129
2025-05-11 00:00:00+00:00,9533763.41248038
2025-05-12 00:00:00+00:00,9466771.568154132
2025-05-13 00:00:00+00:00,9347759.607838364
2025-05-14 00:00:00+00:00,9477975.27757119
2025-05-15 00:00:00+00:00,9419355.544133784
2025-05-16 00:00:00+00:00,9437396.84319036
2025-05-17 00:00:00+00:00,9409683.824062144
2025-05-18 00:00:00+00:00,9375008.42142693
2025-05-19 00:00:00+00:00,9678265.892829316
2025-05-20 00:00:00+00:00,9596799.535196787
2025-05-21 00:00:00+00:00,9710090.53152687
2025-05-22 00:00:00+00:00,9961456.899944935
2025-05-23 00:00:00+00:00,10152729.695683865
2025-05-24 00:00:00+00:00,9751119.62926903
2025-05-25 00:00:00+00:00,9792497.279789926
2025-05-26 00:00:00+00:00,9904515.541976014
2025-05-27 00:00:00+00:00,9943761.206730636
2025-05-28 00:00:00+00:00,9906803.20979538
2025-05-29 00:00:00+00:00,9805137.732270023
2025-05-30 00:00:00+00:00,9605953.610302618
2025-05-31 00:00:00+00:00,9455027.27475105
2025-06-01 00:00:00+00:00,9508860.691934166
2025-06-02 00:00:00+00:00,9603053.602167355
2025-06-03 00:00:00+00:00,9626881.936369259
2025-06-04 00:00:00+00:00,9582712.07921048
2025-06-05 00:00:00+00:00,9523048.952287706
2025-06-06 00:00:00+00:00,9224409.370953588
2025-06-07 00:00:00+00:00,9476634.76995279
2025-06-08 00:00:00+00:00,9592978.860101951
2025-06-09 00:00:00+00:00,9608229.372043429
2025-06-10 00:00:00+00:00,10024150.239470867
2025-06-11 00:00:00+00:00,10035149.713024646
2025-06-12 00:00:00+00:00,9886476.088066729
2025-06-13 00:00:00+00:00,9611954.321580801
2025-06-14 00:00:00+00:00,9642357.686264599
2025-06-15 00:00:00+00:00,9580394.574074686
2025-06-16 00:00:00+00:00,9598052.363023246
2025-06-17 00:00:00+00:00,9704554.63992082
2025-06-18 00:00:00+00:00,9502158.011087013
2025-06-19 00:00:00+00:00,9533081.193492206
2025-06-20 00:00:00+00:00,9512389.965517212
2025-06-21 00:00:00+00:00,9382844.890407402
2025-06-22 00:00:00+00:00,9269524.135679524
2025-06-23 00:00:00+00:00,9161284.441299297
2025-06-24 00:00:00+00:00,9564630.560105277
2025-06-25 00:00:00+00:00,9633900.422737397
2025-06-26 00:00:00+00:00,9743309.313498445
2025-06-27 00:00:00+00:00,9707754.058532823
2025-06-28 00:00:00+00:00,9718379.640545752
2025-06-29 00:00:00+00:00,9741129.333521018
2025-06-30 00:00:00+00:00,9840418.206764324
2025-07-01 00:00:00+00:00,9731680.611704718
2025-07-02 00:00:00+00:00,9594810.161014086
2025-07-03 00:00:00+00:00,9889274.663004596
2025-07-04 00:00:00+00:00,9956284.814661017
2025-07-05 00:00:00+00:00,9807374.23380857
2025-07-06 00:00:00+00:00,9827071.290542245
2025-07-07 00:00:00+00:00,9920814.331779933
2025-07-08 00:00:00+00:00,9834907.410264345
2025-07-09 00:00:00+00:00,9899094.948438546
2025-07-10 00:00:00+00:00,10116317.548730027
2025-07-11 00:00:00+00:00,10555120.348762019
2025-07-12 00:00:00+00:00,10690551.25631594
2025-07-13 00:00:00+00:00,10679641.217954382
2025-07-14 00:00:00+00:00,10830106.9969934
2025-07-15 00:00:00+00:00,10900233.02479111
2025-07-16 00:00:00+00:00,10724381.412468364
2025-07-17 00:00:00+00:00,10820044.577601118
2025-07-18 00:00:00+00:00,10876968.867772434
2025-07-19 00:00:00+00:00,10771071.993091667
2025-07-20 00:00:00+00:00,10767121.115543565
2025-07-21 00:00:00+00:00,10729048.458183495
2025-07-22 00:00:00+00:00,10740628.155068403
2025-07-23 00:00:00+00:00,10969280.03212647
2025-07-24 00:00:00+00:00,10852857.392875949
2025-07-25 00:00:00+00:00,10821282.838576995
2025-07-26 00:00:00+00:00,10758631.037850529
2025-07-27 00:00:00+00:00,10787122.439915806
2025-07-28 00:00:00+00:00,10931209.088086678
2025-07-29 00:00:00+00:00,10804637.787498381
2025-07-30 00:00:00+00:00,10793743.586084692
2025-07-31 00:00:00+00:00,10784651.107924333
2025-08-01 00:00:00+00:00,10591287.398586698
2025-08-02 00:00:00+00:00,10354716.710657852
2025-08-03 00:00:00+00:00,10279798.115587248
2025-08-04 00:00:00+00:00,10436046.90755543
2025-08-05 00:00:00+00:00,10529938.249041317
2025-08-06 00:00:00+00:00,10438548.05349637
2025-08-07 00:00:00+00:00,10521272.10085033
2025-08-08 00:00:00+00:00,10760195.822294312
2025-08-09 00:00:00+00:00,10697613.283460714
2025-08-10 00:00:00+00:00,10699004.388892911
2025-08-11 00:00:00+00:00,10949745.480243675
2025-08-12 00:00:00+00:00,10893089.395612504
2025-08-13 00:00:00+00:00,11052464.915957598
2025-08-14 00:00:00+00:00,11347320.57027114
2025-08-15 00:00:00+00:00,10885961.398759453
2025-08-16 00:00:00+00:00,10792221.217939092
2025-08-17 00:00:00+00:00,10794777.571898438
2025-08-18 00:00:00+00:00,10801491.86111296
2025-08-19 00:00:00+00:00,10683688.241525803
2025-08-20 00:00:00+00:00,10366304.13869957
2025-08-21 00:00:00+00:00,10512866.81677794
2025-08-22 00:00:00+00:00,10345772.772447767
2025-08-23 00:00:00+00:00,10790157.479639703
2025-08-24 00:00:00+00:00,10652687.429888567
2025-08-25 00:00:00+00:00,10480303.798455544
2025-08-26 00:00:00+00:00,10146207.64124928
2025-08-27 00:00:00+00:00,10311633.881720046
2025-08-28 00:00:00+00:00,10259816.975351514
2025-08-29 00:00:00+00:00,10376981.761893855
2025-08-30 00:00:00+00:00,9992583.383514587
2025-08-31 00:00:00+00:00,10032480.585085722
2025-09-01 00:00:00+00:00,9983122.857333703
2025-09-02 00:00:00+00:00,10063505.55185988
2025-09-03 00:00:00+00:00,10242472.932065742
2025-09-04 00:00:00+00:00,10294477.275595512
2025-09-05 00:00:00+00:00,10194302.696182404
2025-09-06 00:00:00+00:00,10189162.792933617
2025-09-07 00:00:00+00:00,10144628.1912222
2025-09-08 00:00:00+00:00,10232328.486687075
2025-09-09 00:00:00+00:00,10314726.169438928
2025-09-10 00:00:00+00:00,10269423.079705395
2025-09-11 00:00:00+00:00,10487051.053232582
2025-09-12 00:00:00+00:00,10631542.29933366
2025-09-13 00:00:00+00:00,10703070.501457378
2025-09-14 00:00:00+00:00,10689635.432072243
2025-09-15 00:00:00+00:00,10626360.336834872
2025-09-16 00:00:00+00:00,10626101.983350558
2025-09-17 00:00:00+00:00,10752585.898653846
2025-09-18 00:00:00+00:00,10731599.958744157
2025-09-19 00:00:00+00:00,10786651.646215841
2025-09-20 00:00:00+00:00,10648512.646351116
2025-09-21 00:00:00+00:00,10655998.463512285
2025-09-22 00:00:00+00:00,10612804.826156722
2025-09-23 00:00:00+00:00,10360908.556657355
2025-09-24 00:00:00+00:00,10300545.925974404
2025-09-25 00:00:00+00:00,10415132.97008576
2025-09-26 00:00:00+00:00,10006753.499031888
2025-09-27 00:00:00+00:00,10078865.663622782
2025-09-28 00:00:00+00:00,10077118.016062392
2025-09-29 00:00:00+00:00,10312388.025610212
2025-09-30 00:00:00+00:00,10509666.599869331
2025-10-01 00:00:00+00:00,10479549.99670741
2025-10-02 00:00:00+00:00,10900185.417460375
2025-10-03 00:00:00+00:00,11086024.146246515
2025-10-04 00:00:00+00:00,11242193.481175356
2025-10-05 00:00:00+00:00,11252211.856861452
2025-10-06 00:00:00+00:00,11351489.215792846
2025-10-07 00:00:00+00:00,11472379.717412904
2025-10-08 00:00:00+00:00,11160274.09009289
2025-10-09 00:00:00+00:00,11341939.771942785
2025-10-10 00:00:00+00:00,11180693.990312057
2025-10-11 00:00:00+00:00,10340699.06064653
2025-10-12 00:00:00+00:00,10145943.13319724
2025-10-13 00:00:00+00:00,10569856.629039658
2025-10-14 00:00:00+00:00,10596464.447218372
2025-10-15 00:00:00+00:00,10394080.081839498
2025-10-16 00:00:00+00:00,10179689.34225903
2025-10-17 00:00:00+00:00,9943740.887033725
2025-10-18 00:00:00+00:00,9779816.021834457
2025-10-19 00:00:00+00:00,9852506.63440041
2025-10-20 00:00:00+00:00,9990120.875787353
2025-10-21 00:00:00+00:00,10156233.576437587
2025-10-22 00:00:00+00:00,9947861.2246933
2025-10-23 00:00:00+00:00,9877608.707839556
2025-10-24 00:00:00+00:00,10106257.467074381
2025-10-25 00:00:00+00:00,10194516.035856634
2025-10-26 00:00:00+00:00,10253073.81597765
2025-10-27 00:00:00+00:00,10529479.560126623
2025-10-28 00:00:00+00:00,10486149.415652389
2025-10-29 00:00:00+00:00,10365336.05122144
2025-10-30 00:00:00+00:00,10104963.498240497
2025-10-31 00:00:00+00:00,9944718.4099901
2025-11-01 00:00:00+00:00,10062448.760991665
2025-11-02 00:00:00+00:00,10108327.962082192
2025-11-03 00:00:00+00:00,10150011.062355641
2025-11-04 00:00:00+00:00,9769548.79171428
2025-11-05 00:00:00+00:00,9290004.847220771
2025-11-06 00:00:00+00:00,9514951.948100328
2025-11-07 00:00:00+00:00,9281502.29886937
2025-11-08 00:00:00+00:00,9471798.760126578
2025-11-09 00:00:00+00:00,9377456.840055417
2025-11-10 00:00:00+00:00,9607033.82829717
2025-11-11 00:00:00+00:00,9717672.383800682
2025-11-12 00:00:00+00:00,9440776.422819095
2025-11-13 00:00:00+00:00,9317389.914396891
2025-11-14 00:00:00+00:00,9126765.206583094
2025-11-15 00:00:00+00:00,8667412.060087562
2025-11-16 00:00:00+00:00,8762390.413095376
2025-11-17 00:00:00+00:00,8638227.945429483
2025-11-18 00:00:00+00:00,8449702.77515672
2025-11-19 00:00:00+00:00,8525461.455966767
2025-11-20 00:00:00+00:00,8391973.974294547
2025-11-21 00:00:00+00:00,7939724.707974792
2025-11-22 00:00:00+00:00,7797434.659325459
2025-11-23 00:00:00+00:00,7763031.67830412
2025-11-24 00:00:00+00:00,7951474.175873224
2025-11-25 00:00:00+00:00,8095069.589719166
2025-11-26 00:00:00+00:00,8013474.955750194
2025-11-27 00:00:00+00:00,8295481.883665624
2025-11-28 00:00:00+00:00,8368810.55417703
2025-11-29 00:00:00+00:00,8330053.6648504725
2025-11-30 00:00:00+00:00,8318013.41736367
2025-12-01 00:00:00+00:00,8278637.904576012
2025-12-02 00:00:00+00:00,7898512.86879925
2025-12-03 00:00:00+00:00,8358057.133080642
2025-12-04 00:00:00+00:00,8567625.851260113
2025-12-05 00:00:00+00:00,8442971.354615148
2025-12-06 00:00:00+00:00,8189703.896742327
2025-12-07 00:00:00+00:00,8182854.305893374
2025-12-08 00:00:00+00:00,8287007.113740274
2025-12-09 00:00:00+00:00,8315297.982370806
2025-12-10 00:00:00+00:00,8513789.723484311
2025-12-11 00:00:00+00:00,8455105.585172754
2025-12-12 00:00:00+00:00,8491628.789796254
2025-12-13 00:00:00+00:00,8279752.57342535
2025-12-14 00:00:00+00:00,8280362.99863584
2025-12-15 00:00:00+00:00,8091895.78585085
2025-12-16 00:00:00+00:00,7929048.835764042
2025-12-17 00:00:00+00:00,8055418.936297632
2025-12-18 00:00:00+00:00,7898880.505841478
2025-12-19 00:00:00+00:00,7833919.565129803
2025-12-20 00:00:00+00:00,8080879.9292006465
2025-12-21 00:00:00+00:00,8100432.409331361
2025-12-22 00:00:00+00:00,8128904.885333609
2025-12-23 00:00:00+00:00,8126051.632404011
2025-12-24 00:00:00+00:00,8021160.810585957
2025-12-25 00:00:00+00:00,8036289.129538241
2025-12-26 00:00:00+00:00,7992231.710274837
2025-12-27 00:00:00+00:00,8007657.625541779
2025-12-28 00:00:00+00:00,8056145.777189504
2025-12-29 00:00:00+00:00,8063796.5737921465
2025-12-30 00:00:00+00:00,7999417.57592975
2025-12-31 00:00:00+00:00,8112836.602241827
2026-01-01 00:00:00+00:00,8038636.887391473
2026-01-02 00:00:00+00:00,8146949.700041543
2026-01-03 00:00:00+00:00,8259659.843423851
2026-01-04 00:00:00+00:00,8316059.715725095
2026-01-05 00:00:00+00:00,8397540.715016311
2026-01-06 00:00:00+00:00,8610751.636908542
2026-01-07 00:00:00+00:00,8607716.645454815
2026-01-08 00:00:00+00:00,8384613.699701624
2026-01-09 00:00:00+00:00,8354448.641580161
2026-01-10 00:00:00+00:00,8312416.8745120345
2026-01-11 00:00:00+00:00,8299642.760606305
2026-01-12 00:00:00+00:00,8347898.984779405
2026-01-13 00:00:00+00:00,8370914.939044411
2026-01-14 00:00:00+00:00,8755876.103573255
2026-01-15 00:00:00+00:00,8895148.257870097
2026-01-16 00:00:00+00:00,8771483.455161396
2026-01-17 00:00:00+00:00,8765131.800520893
2026-01-18 00:00:00+00:00,8730920.908658857
2026-01-19 00:00:00+00:00,8597142.00232475
2026-01-20 00:00:00+00:00,8496156.583610574
2026-01-21 00:00:00+00:00,8101250.457011148
2026-01-22 00:00:00+00:00,8195821.4321674155
2026-01-23 00:00:00+00:00,8202790.035473373
2026-01-24 00:00:00+00:00,8206830.939118109
2026-01-25 00:00:00+00:00,8173144.277807119
2026-01-26 00:00:00+00:00,7933940.086526181
2026-01-27 00:00:00+00:00,8093485.766633131
2026-01-28 00:00:00+00:00,8183275.153770418
2026-01-29 00:00:00+00:00,8185634.866241092
2026-01-30 00:00:00+00:00,7757117.707841995
2026-01-31 00:00:00+00:00,7711830.873360302
2026-02-01 00:00:00+00:00,7197148.273362654
2026-02-02 00:00:00+00:00,7025499.997402806
2026-02-03 00:00:00+00:00,7188698.763949899
2026-02-04 00:00:00+00:00,6915529.081412108
2026-02-05 00:00:00+00:00,6675464.146453807
2026-02-06 00:00:00+00:00,5738036.678748045
2026-02-07 00:00:00+00:00,6438023.541891993
2026-02-08 00:00:00+00:00,6325730.361010597
2026-02-09 00:00:00+00:00,6417430.490986437
2026-02-10 00:00:00+00:00,6401599.947991979
2026-02-11 00:00:00+00:00,6279236.857817069
2026-02-12 00:00:00+00:00,6118125.4008663185
2026-02-13 00:00:00+00:00,6045842.50938983
2026-02-14 00:00:00+00:00,6283510.27930886
2026-02-15 00:00:00+00:00,6374471.284406681
2026-02-16 00:00:00+00:00,6275511.793069842
2026-02-17 00:00:00+00:00,6283860.5467365235
2026-02-18 00:00:00+00:00,6160365.519782298
2026-02-19 00:00:00+00:00,6063819.626146951
2026-02-20 00:00:00+00:00,6111218.350059396
2026-02-21 00:00:00+00:00,6203336.683134282
2026-02-22 00:00:00+00:00,6199856.236467823
2026-02-23 00:00:00+00:00,6168214.003998253
2026-02-24 00:00:00+00:00,5894933.211134611
2026-02-25 00:00:00+00:00,5841503.869140435
2026-02-26 00:00:00+00:00,6207907.339090857
2026-02-27 00:00:00+00:00,6160618.581418922
2026-02-28 00:00:00+00:00,6008872.4820251865
2026-03-01 00:00:00+00:00,6109205.035966665
2026-03-02 00:00:00+00:00,6001336.237814241
